"","id","average_depth","anomaly_score","status"
"1",1,7.95,0.58,"normal"
"2",2,7.98,0.58,"normal"
"3",3,7.59,0.6,"normal"
"4",4,7.76,0.59,"normal"
"5",5,8,0.58,"normal"
"6",6,7.94,0.58,"normal"
"7",7,6.84,0.63,"anomalia"
"8",8,7.91,0.59,"normal"
"9",9,7.83,0.59,"normal"
"10",10,7.14,0.62,"normal"
"11",11,7.74,0.59,"normal"
"12",12,7.74,0.59,"normal"
"13",13,7.62,0.6,"normal"
"14",14,7.85,0.59,"normal"
"15",15,7.96,0.58,"normal"
"16",16,7.83,0.59,"normal"
"17",17,7.84,0.59,"normal"
"18",18,7.86,0.59,"normal"
"19",19,7.8,0.59,"normal"
"20",20,7.72,0.59,"normal"
"21",21,7.89,0.59,"normal"
"22",22,7.93,0.58,"normal"
"23",23,7.62,0.6,"normal"
"24",24,7.92,0.59,"normal"
"25",25,7.98,0.58,"normal"
"26",26,7.94,0.58,"normal"
"27",27,7.7,0.59,"normal"
"28",28,7.71,0.59,"normal"
"29",29,7.91,0.59,"normal"
"30",30,7.82,0.59,"normal"
"31",31,7.5,0.6,"normal"
"32",32,7.45,0.6,"normal"
"33",33,7.78,0.59,"normal"
"34",34,7.94,0.58,"normal"
"35",35,7.92,0.59,"normal"
"36",36,7.72,0.59,"normal"
"37",37,7.84,0.59,"normal"
"38",38,7.73,0.59,"normal"
"39",39,7.79,0.59,"normal"
"40",40,7.79,0.59,"normal"
"41",41,7.84,0.59,"normal"
"42",42,7.85,0.59,"normal"
"43",43,7.95,0.58,"normal"
"44",44,7.72,0.59,"normal"
"45",45,7.11,0.62,"normal"
"46",46,7.4,0.61,"normal"
"47",47,7.93,0.58,"normal"
"48",48,6.66,0.64,"anomalia"
"49",49,7.95,0.58,"normal"
"50",50,7.81,0.59,"normal"
"51",51,7.81,0.59,"normal"
"52",52,7.98,0.58,"normal"
"53",53,7.73,0.59,"normal"
"54",54,7.94,0.58,"normal"
"55",55,7.95,0.58,"normal"
"56",56,7.94,0.58,"normal"
"57",57,6.7,0.64,"anomalia"
"58",58,7.98,0.58,"normal"
"59",59,7.82,0.59,"normal"
"60",60,7.69,0.59,"normal"
"61",61,7.47,0.6,"normal"
"62",62,7.93,0.58,"normal"
"63",63,7.95,0.58,"normal"
"64",64,7.79,0.59,"normal"
"65",65,6.95,0.62,"normal"
"66",66,7.95,0.58,"normal"
"67",67,7.8,0.59,"normal"
"68",68,7.98,0.58,"normal"
"69",69,8,0.58,"normal"
"70",70,7.98,0.58,"normal"
"71",71,7.98,0.58,"normal"
"72",72,8,0.58,"normal"
"73",73,7.5,0.6,"normal"
"74",74,8,0.58,"normal"
"75",75,7.94,0.58,"normal"
"76",76,7.76,0.59,"normal"
"77",77,7.81,0.59,"normal"
"78",78,7.81,0.59,"normal"
"79",79,7.85,0.59,"normal"
"80",80,7.91,0.59,"normal"
"81",81,7.99,0.58,"normal"
"82",82,7.81,0.59,"normal"
"83",83,7.74,0.59,"normal"
"84",84,7.97,0.58,"normal"
"85",85,7.9,0.59,"normal"
"86",86,7.69,0.59,"normal"
"87",87,7.29,0.61,"normal"
"88",88,7.45,0.6,"normal"
"89",89,7.26,0.61,"normal"
"90",90,7.76,0.59,"normal"
"91",91,7.71,0.59,"normal"
"92",92,7.26,0.61,"normal"
"93",93,7.86,0.59,"normal"
"94",94,7.93,0.58,"normal"
"95",95,7.73,0.59,"normal"
"96",96,7.91,0.59,"normal"
"97",97,7.9,0.59,"normal"
"98",98,7.84,0.59,"normal"
"99",99,7.97,0.58,"normal"
"100",100,7.97,0.58,"normal"
"101",101,7.91,0.59,"normal"
"102",102,7.95,0.58,"normal"
"103",103,7.78,0.59,"normal"
"104",104,7.72,0.59,"normal"
"105",105,7.77,0.59,"normal"
"106",106,7.28,0.61,"normal"
"107",107,7.91,0.59,"normal"
"108",108,7.96,0.58,"normal"
"109",109,7.74,0.59,"normal"
"110",110,7.86,0.59,"normal"
"111",111,7.55,0.6,"normal"
"112",112,7.94,0.58,"normal"
"113",113,7.93,0.58,"normal"
"114",114,7.65,0.6,"normal"
"115",115,7.95,0.58,"normal"
"116",116,7.86,0.59,"normal"
"117",117,7.79,0.59,"normal"
"118",118,7.67,0.6,"normal"
"119",119,7.99,0.58,"normal"
"120",120,7.94,0.58,"normal"
"121",121,7.84,0.59,"normal"
"122",122,7.98,0.58,"normal"
"123",123,7.96,0.58,"normal"
"124",124,7.91,0.59,"normal"
"125",125,7.95,0.58,"normal"
"126",126,7.89,0.59,"normal"
"127",127,7.9,0.59,"normal"
"128",128,7.81,0.59,"normal"
"129",129,7.86,0.59,"normal"
"130",130,7.73,0.59,"normal"
"131",131,7.98,0.58,"normal"
"132",132,7.94,0.58,"normal"
"133",133,7.96,0.58,"normal"
"134",134,7.98,0.58,"normal"
"135",135,7.96,0.58,"normal"
"136",136,7.93,0.58,"normal"
"137",137,7.99,0.58,"normal"
"138",138,7.6,0.6,"normal"
"139",139,7.94,0.58,"normal"
"140",140,7.37,0.61,"normal"
"141",141,7.27,0.61,"normal"
"142",142,7.95,0.58,"normal"
"143",143,7.95,0.58,"normal"
"144",144,7.63,0.6,"normal"
"145",145,7.73,0.59,"normal"
"146",146,7.83,0.59,"normal"
"147",147,7.99,0.58,"normal"
"148",148,7.83,0.59,"normal"
"149",149,7.89,0.59,"normal"
"150",150,7.62,0.6,"normal"
"151",151,7.99,0.58,"normal"
"152",152,7.74,0.59,"normal"
"153",153,7.02,0.62,"normal"
"154",154,7.96,0.58,"normal"
"155",155,7.97,0.58,"normal"
"156",156,7.99,0.58,"normal"
"157",157,7.97,0.58,"normal"
"158",158,7.1,0.62,"normal"
"159",159,7.83,0.59,"normal"
"160",160,7.95,0.58,"normal"
"161",161,7.93,0.58,"normal"
"162",162,7.98,0.58,"normal"
"163",163,7.97,0.58,"normal"
"164",164,7.73,0.59,"normal"
"165",165,7.92,0.59,"normal"
"166",166,7.74,0.59,"normal"
"167",167,7.93,0.58,"normal"
"168",168,7.78,0.59,"normal"
"169",169,7.93,0.58,"normal"
"170",170,7.85,0.59,"normal"
"171",171,7.64,0.6,"normal"
"172",172,6.98,0.62,"normal"
"173",173,7.79,0.59,"normal"
"174",174,7.02,0.62,"normal"
"175",175,7.9,0.59,"normal"
"176",176,7.8,0.59,"normal"
"177",177,7.92,0.59,"normal"
"178",178,7.94,0.58,"normal"
"179",179,7.92,0.59,"normal"
"180",180,7.89,0.59,"normal"
"181",181,7.97,0.58,"normal"
"182",182,7.9,0.59,"normal"
"183",183,7.8,0.59,"normal"
"184",184,7.83,0.59,"normal"
"185",185,7.64,0.6,"normal"
"186",186,7.93,0.58,"normal"
"187",187,7.75,0.59,"normal"
"188",188,7.44,0.6,"normal"
"189",189,7.82,0.59,"normal"
"190",190,7.76,0.59,"normal"
"191",191,7.92,0.59,"normal"
"192",192,7.82,0.59,"normal"
"193",193,7.97,0.58,"normal"
"194",194,6.99,0.62,"normal"
"195",195,7.89,0.59,"normal"
"196",196,7.92,0.59,"normal"
"197",197,7.79,0.59,"normal"
"198",198,7.98,0.58,"normal"
"199",199,7.93,0.58,"normal"
"200",200,7.94,0.58,"normal"
"201",201,7.95,0.58,"normal"
"202",202,7.78,0.59,"normal"
"203",203,7.8,0.59,"normal"
"204",204,7.93,0.58,"normal"
"205",205,7.92,0.59,"normal"
"206",206,7.81,0.59,"normal"
"207",207,7.95,0.58,"normal"
"208",208,7.98,0.58,"normal"
"209",209,7.7,0.59,"normal"
"210",210,7.79,0.59,"normal"
"211",211,7.83,0.59,"normal"
"212",212,7.89,0.59,"normal"
"213",213,7.31,0.61,"normal"
"214",214,7.87,0.59,"normal"
"215",215,7.83,0.59,"normal"
"216",216,7.8,0.59,"normal"
"217",217,7.82,0.59,"normal"
"218",218,7.79,0.59,"normal"
"219",219,7.71,0.59,"normal"
"220",220,7.96,0.58,"normal"
"221",221,7.99,0.58,"normal"
"222",222,7.16,0.62,"normal"
"223",223,7.98,0.58,"normal"
"224",224,7.82,0.59,"normal"
"225",225,7.62,0.6,"normal"
"226",226,7.1,0.62,"normal"
"227",227,7.78,0.59,"normal"
"228",228,8,0.58,"normal"
"229",229,8,0.58,"normal"
"230",230,7.73,0.59,"normal"
"231",231,7.92,0.59,"normal"
"232",232,7.94,0.58,"normal"
"233",233,7.93,0.58,"normal"
"234",234,7.91,0.59,"normal"
"235",235,7.87,0.59,"normal"
"236",236,7.86,0.59,"normal"
"237",237,7.97,0.58,"normal"
"238",238,7.91,0.59,"normal"
"239",239,7.81,0.59,"normal"
"240",240,7.97,0.58,"normal"
"241",241,7.91,0.59,"normal"
"242",242,7.83,0.59,"normal"
"243",243,7.94,0.58,"normal"
"244",244,7.86,0.59,"normal"
"245",245,7.82,0.59,"normal"
"246",246,7.73,0.59,"normal"
"247",247,7.97,0.58,"normal"
"248",248,7.95,0.58,"normal"
"249",249,7.99,0.58,"normal"
"250",250,7.5,0.6,"normal"
"251",251,7.78,0.59,"normal"
"252",252,7.81,0.59,"normal"
"253",253,6.91,0.63,"anomalia"
"254",254,7.73,0.59,"normal"
"255",255,7.94,0.58,"normal"
"256",256,7.89,0.59,"normal"
"257",257,7.06,0.62,"normal"
"258",258,7.77,0.59,"normal"
"259",259,7.91,0.59,"normal"
"260",260,7.98,0.58,"normal"
"261",261,7.97,0.58,"normal"
"262",262,7.93,0.58,"normal"
"263",263,7.31,0.61,"normal"
"264",264,7.85,0.59,"normal"
"265",265,7.98,0.58,"normal"
"266",266,7.07,0.62,"normal"
"267",267,7.86,0.59,"normal"
"268",268,7.81,0.59,"normal"
"269",269,7.66,0.6,"normal"
"270",270,7.95,0.58,"normal"
"271",271,7.93,0.58,"normal"
"272",272,7.95,0.58,"normal"
"273",273,7.86,0.59,"normal"
"274",274,7.23,0.61,"normal"
"275",275,7.94,0.58,"normal"
"276",276,7.59,0.6,"normal"
"277",277,7.9,0.59,"normal"
"278",278,7.76,0.59,"normal"
"279",279,7.9,0.59,"normal"
"280",280,7.28,0.61,"normal"
"281",281,7.8,0.59,"normal"
"282",282,7.9,0.59,"normal"
"283",283,7.53,0.6,"normal"
"284",284,7.34,0.61,"normal"
"285",285,7.97,0.58,"normal"
"286",286,7.97,0.58,"normal"
"287",287,7.92,0.59,"normal"
"288",288,7.97,0.58,"normal"
"289",289,7.95,0.58,"normal"
"290",290,7.99,0.58,"normal"
"291",291,6.84,0.63,"anomalia"
"292",292,7.93,0.58,"normal"
"293",293,7.58,0.6,"normal"
"294",294,7.89,0.59,"normal"
"295",295,7.63,0.6,"normal"
"296",296,7.84,0.59,"normal"
"297",297,7.97,0.58,"normal"
"298",298,7.94,0.58,"normal"
"299",299,7.12,0.62,"normal"
"300",300,7.91,0.59,"normal"
"301",301,7.1,0.62,"normal"
"302",302,7.97,0.58,"normal"
"303",303,7.94,0.58,"normal"
"304",304,7.77,0.59,"normal"
"305",305,7.74,0.59,"normal"
"306",306,7.74,0.59,"normal"
"307",307,7.95,0.58,"normal"
"308",308,7.24,0.61,"normal"
"309",309,7.96,0.58,"normal"
"310",310,7.83,0.59,"normal"
"311",311,7.73,0.59,"normal"
"312",312,7.91,0.59,"normal"
"313",313,7.95,0.58,"normal"
"314",314,7.88,0.59,"normal"
"315",315,7.91,0.59,"normal"
"316",316,7.96,0.58,"normal"
"317",317,7.79,0.59,"normal"
"318",318,7.52,0.6,"normal"
"319",319,7.98,0.58,"normal"
"320",320,7.4,0.61,"normal"
"321",321,7.94,0.58,"normal"
"322",322,7.95,0.58,"normal"
"323",323,7.95,0.58,"normal"
"324",324,7.1,0.62,"normal"
"325",325,7.72,0.59,"normal"
"326",326,7.86,0.59,"normal"
"327",327,7.97,0.58,"normal"
"328",328,7.86,0.59,"normal"
"329",329,7.78,0.59,"normal"
"330",330,7.93,0.58,"normal"
"331",331,7.92,0.59,"normal"
"332",332,7.9,0.59,"normal"
"333",333,7.83,0.59,"normal"
"334",334,7.92,0.59,"normal"
"335",335,7.89,0.59,"normal"
"336",336,7.84,0.59,"normal"
"337",337,7.87,0.59,"normal"
"338",338,7.9,0.59,"normal"
"339",339,7.7,0.59,"normal"
"340",340,7.72,0.59,"normal"
"341",341,8,0.58,"normal"
"342",342,7.46,0.6,"normal"
"343",343,7.78,0.59,"normal"
"344",344,7.44,0.6,"normal"
"345",345,7.74,0.59,"normal"
"346",346,7.4,0.61,"normal"
"347",347,7.16,0.62,"normal"
"348",348,7.9,0.59,"normal"
"349",349,7.52,0.6,"normal"
"350",350,7.81,0.59,"normal"
"351",351,7.73,0.59,"normal"
"352",352,7.94,0.58,"normal"
"353",353,7.86,0.59,"normal"
"354",354,7.23,0.61,"normal"
"355",355,7.75,0.59,"normal"
"356",356,7.92,0.59,"normal"
"357",357,7.89,0.59,"normal"
"358",358,7.93,0.58,"normal"
"359",359,7.74,0.59,"normal"
"360",360,7.64,0.6,"normal"
"361",361,7.99,0.58,"normal"
"362",362,7.98,0.58,"normal"
"363",363,7.95,0.58,"normal"
"364",364,7.96,0.58,"normal"
"365",365,7.77,0.59,"normal"
"366",366,7,0.62,"normal"
"367",367,7.39,0.61,"normal"
"368",368,7.95,0.58,"normal"
"369",369,7.65,0.6,"normal"
"370",370,7.78,0.59,"normal"
"371",371,7.86,0.59,"normal"
"372",372,7.93,0.58,"normal"
"373",373,7.77,0.59,"normal"
"374",374,7.81,0.59,"normal"
"375",375,7.91,0.59,"normal"
"376",376,7.72,0.59,"normal"
"377",377,7.99,0.58,"normal"
"378",378,7.93,0.58,"normal"
"379",379,7.82,0.59,"normal"
"380",380,7.94,0.58,"normal"
"381",381,7.9,0.59,"normal"
"382",382,7.79,0.59,"normal"
"383",383,7.98,0.58,"normal"
"384",384,7.97,0.58,"normal"
"385",385,7.93,0.58,"normal"
"386",386,6.65,0.64,"anomalia"
"387",387,7.68,0.59,"normal"
"388",388,7.55,0.6,"normal"
"389",389,7.97,0.58,"normal"
"390",390,7.96,0.58,"normal"
"391",391,7.14,0.62,"normal"
"392",392,7.18,0.62,"normal"
"393",393,7.92,0.59,"normal"
"394",394,7.67,0.6,"normal"
"395",395,7.86,0.59,"normal"
"396",396,7.95,0.58,"normal"
"397",397,7.96,0.58,"normal"
"398",398,7.95,0.58,"normal"
"399",399,7.83,0.59,"normal"
"400",400,7.72,0.59,"normal"
"401",401,7.73,0.59,"normal"
"402",402,7.98,0.58,"normal"
"403",403,7.98,0.58,"normal"
"404",404,7.94,0.58,"normal"
"405",405,7.8,0.59,"normal"
"406",406,7.88,0.59,"normal"
"407",407,7.94,0.58,"normal"
"408",408,7.3,0.61,"normal"
"409",409,7.77,0.59,"normal"
"410",410,7.98,0.58,"normal"
"411",411,7.8,0.59,"normal"
"412",412,7.44,0.6,"normal"
"413",413,7.89,0.59,"normal"
"414",414,7.65,0.6,"normal"
"415",415,7.81,0.59,"normal"
"416",416,7.69,0.59,"normal"
"417",417,7.83,0.59,"normal"
"418",418,7.83,0.59,"normal"
"419",419,7.99,0.58,"normal"
"420",420,7.71,0.59,"normal"
"421",421,7.91,0.59,"normal"
"422",422,7.97,0.58,"normal"
"423",423,7.84,0.59,"normal"
"424",424,7.98,0.58,"normal"
"425",425,7.61,0.6,"normal"
"426",426,7.28,0.61,"normal"
"427",427,7.92,0.59,"normal"
"428",428,7.94,0.58,"normal"
"429",429,7.71,0.59,"normal"
"430",430,7.79,0.59,"normal"
"431",431,7.84,0.59,"normal"
"432",432,7.95,0.58,"normal"
"433",433,7.94,0.58,"normal"
"434",434,7.87,0.59,"normal"
"435",435,7.85,0.59,"normal"
"436",436,7.04,0.62,"normal"
"437",437,7.67,0.6,"normal"
"438",438,7.41,0.61,"normal"
"439",439,7.98,0.58,"normal"
"440",440,7.78,0.59,"normal"
"441",441,7.98,0.58,"normal"
"442",442,7.88,0.59,"normal"
"443",443,7.97,0.58,"normal"
"444",444,7.9,0.59,"normal"
"445",445,7.91,0.59,"normal"
"446",446,7.33,0.61,"normal"
"447",447,7.63,0.6,"normal"
"448",448,7.96,0.58,"normal"
"449",449,7.98,0.58,"normal"
"450",450,7.93,0.58,"normal"
"451",451,7.91,0.59,"normal"
"452",452,7.98,0.58,"normal"
"453",453,7.98,0.58,"normal"
"454",454,7.82,0.59,"normal"
"455",455,7.92,0.59,"normal"
"456",456,7.91,0.59,"normal"
"457",457,7.73,0.59,"normal"
"458",458,7.97,0.58,"normal"
"459",459,7.7,0.59,"normal"
"460",460,7.93,0.58,"normal"
"461",461,7.85,0.59,"normal"
"462",462,7.83,0.59,"normal"
"463",463,7.78,0.59,"normal"
"464",464,7.83,0.59,"normal"
"465",465,7.93,0.58,"normal"
"466",466,7.79,0.59,"normal"
"467",467,7.73,0.59,"normal"
"468",468,7.87,0.59,"normal"
"469",469,7.94,0.58,"normal"
"470",470,7.85,0.59,"normal"
"471",471,7.93,0.58,"normal"
"472",472,7.56,0.6,"normal"
"473",473,7.66,0.6,"normal"
"474",474,7.96,0.58,"normal"
"475",475,7.91,0.59,"normal"
"476",476,8,0.58,"normal"
"477",477,7.97,0.58,"normal"
"478",478,7.49,0.6,"normal"
"479",479,7.79,0.59,"normal"
"480",480,7.82,0.59,"normal"
"481",481,7.73,0.59,"normal"
"482",482,7.94,0.58,"normal"
"483",483,7.02,0.62,"normal"
"484",484,7.38,0.61,"normal"
"485",485,7.95,0.58,"normal"
"486",486,7.99,0.58,"normal"
"487",487,7.76,0.59,"normal"
"488",488,7.99,0.58,"normal"
"489",489,7.9,0.59,"normal"
"490",490,7.97,0.58,"normal"
"491",491,7.96,0.58,"normal"
"492",492,8,0.58,"normal"
"493",493,7.84,0.59,"normal"
"494",494,7.95,0.58,"normal"
"495",495,7.63,0.6,"normal"
"496",496,7.96,0.58,"normal"
"497",497,7.87,0.59,"normal"
"498",498,7.91,0.59,"normal"
"499",499,7.79,0.59,"normal"
"500",500,7.74,0.59,"normal"
"501",501,7.76,0.59,"normal"
"502",502,7.99,0.58,"normal"
"503",503,7.89,0.59,"normal"
"504",504,7.95,0.58,"normal"
"505",505,7.85,0.59,"normal"
"506",506,7.7,0.59,"normal"
"507",507,7.83,0.59,"normal"
"508",508,7.76,0.59,"normal"
"509",509,7.96,0.58,"normal"
"510",510,7.15,0.62,"normal"
"511",511,7.97,0.58,"normal"
"512",512,7.85,0.59,"normal"
"513",513,7.94,0.58,"normal"
"514",514,7.55,0.6,"normal"
"515",515,7.77,0.59,"normal"
"516",516,7.94,0.58,"normal"
"517",517,7.86,0.59,"normal"
"518",518,7.95,0.58,"normal"
"519",519,7.85,0.59,"normal"
"520",520,7.63,0.6,"normal"
"521",521,7.73,0.59,"normal"
"522",522,7.84,0.59,"normal"
"523",523,6.7,0.64,"anomalia"
"524",524,7.67,0.6,"normal"
"525",525,7.98,0.58,"normal"
"526",526,7.75,0.59,"normal"
"527",527,7.84,0.59,"normal"
"528",528,7.81,0.59,"normal"
"529",529,7.74,0.59,"normal"
"530",530,7.69,0.59,"normal"
"531",531,7.95,0.58,"normal"
"532",532,7.91,0.59,"normal"
"533",533,8,0.58,"normal"
"534",534,7.76,0.59,"normal"
"535",535,7.98,0.58,"normal"
"536",536,7.64,0.6,"normal"
"537",537,7.93,0.58,"normal"
"538",538,7.99,0.58,"normal"
"539",539,7.94,0.58,"normal"
"540",540,7.91,0.59,"normal"
"541",541,7.95,0.58,"normal"
"542",542,7.92,0.59,"normal"
"543",543,7.2,0.61,"normal"
"544",544,7.35,0.61,"normal"
"545",545,7.97,0.58,"normal"
"546",546,7.64,0.6,"normal"
"547",547,7.82,0.59,"normal"
"548",548,7.75,0.59,"normal"
"549",549,7.95,0.58,"normal"
"550",550,7.88,0.59,"normal"
"551",551,7.97,0.58,"normal"
"552",552,7.74,0.59,"normal"
"553",553,7.26,0.61,"normal"
"554",554,7.91,0.59,"normal"
"555",555,7.97,0.58,"normal"
"556",556,7.61,0.6,"normal"
"557",557,7.76,0.59,"normal"
"558",558,7.96,0.58,"normal"
"559",559,7.92,0.59,"normal"
"560",560,7.98,0.58,"normal"
"561",561,7.6,0.6,"normal"
"562",562,7.91,0.59,"normal"
"563",563,7.19,0.61,"normal"
"564",564,7.57,0.6,"normal"
"565",565,7.99,0.58,"normal"
"566",566,7.91,0.59,"normal"
"567",567,7.54,0.6,"normal"
"568",568,7.61,0.6,"normal"
"569",569,7.23,0.61,"normal"
"570",570,7.66,0.6,"normal"
"571",571,7.81,0.59,"normal"
"572",572,7.83,0.59,"normal"
"573",573,7.98,0.58,"normal"
"574",574,8,0.58,"normal"
"575",575,7.92,0.59,"normal"
"576",576,7.59,0.6,"normal"
"577",577,7.78,0.59,"normal"
"578",578,7.96,0.58,"normal"
"579",579,7.71,0.59,"normal"
"580",580,7.72,0.59,"normal"
"581",581,7.96,0.58,"normal"
"582",582,7.97,0.58,"normal"
"583",583,7.93,0.58,"normal"
"584",584,7.91,0.59,"normal"
"585",585,7.4,0.61,"normal"
"586",586,8,0.58,"normal"
"587",587,8,0.58,"normal"
"588",588,7.96,0.58,"normal"
"589",589,7.26,0.61,"normal"
"590",590,7.85,0.59,"normal"
"591",591,7.86,0.59,"normal"
"592",592,7.78,0.59,"normal"
"593",593,7.91,0.59,"normal"
"594",594,7.98,0.58,"normal"
"595",595,7.91,0.59,"normal"
"596",596,7.96,0.58,"normal"
"597",597,7.98,0.58,"normal"
"598",598,7.83,0.59,"normal"
"599",599,7.96,0.58,"normal"
"600",600,7.83,0.59,"normal"
"601",601,8,0.58,"normal"
"602",602,7.7,0.59,"normal"
"603",603,7.66,0.6,"normal"
"604",604,7.96,0.58,"normal"
"605",605,7.77,0.59,"normal"
"606",606,7.96,0.58,"normal"
"607",607,7.98,0.58,"normal"
"608",608,7.91,0.59,"normal"
"609",609,7.98,0.58,"normal"
"610",610,7.97,0.58,"normal"
"611",611,7.96,0.58,"normal"
"612",612,7.94,0.58,"normal"
"613",613,7.99,0.58,"normal"
"614",614,7.92,0.59,"normal"
"615",615,7.72,0.59,"normal"
"616",616,7.95,0.58,"normal"
"617",617,7.35,0.61,"normal"
"618",618,7.98,0.58,"normal"
"619",619,7.93,0.58,"normal"
"620",620,7.81,0.59,"normal"
"621",621,7.19,0.61,"normal"
"622",622,8,0.58,"normal"
"623",623,7.91,0.59,"normal"
"624",624,7.93,0.58,"normal"
"625",625,7.94,0.58,"normal"
"626",626,7.96,0.58,"normal"
"627",627,7.73,0.59,"normal"
"628",628,7.98,0.58,"normal"
"629",629,7.81,0.59,"normal"
"630",630,7.4,0.61,"normal"
"631",631,7.95,0.58,"normal"
"632",632,7.96,0.58,"normal"
"633",633,7.81,0.59,"normal"
"634",634,6.98,0.62,"normal"
"635",635,7.93,0.58,"normal"
"636",636,7.29,0.61,"normal"
"637",637,7.77,0.59,"normal"
"638",638,8,0.58,"normal"
"639",639,7.79,0.59,"normal"
"640",640,7.83,0.59,"normal"
"641",641,7.45,0.6,"normal"
"642",642,7.91,0.59,"normal"
"643",643,7.66,0.6,"normal"
"644",644,7.98,0.58,"normal"
"645",645,7.86,0.59,"normal"
"646",646,7.78,0.59,"normal"
"647",647,7.98,0.58,"normal"
"648",648,7.96,0.58,"normal"
"649",649,7.97,0.58,"normal"
"650",650,7.94,0.58,"normal"
"651",651,7.9,0.59,"normal"
"652",652,7.67,0.6,"normal"
"653",653,7.79,0.59,"normal"
"654",654,7.84,0.59,"normal"
"655",655,7.95,0.58,"normal"
"656",656,7.71,0.59,"normal"
"657",657,7.84,0.59,"normal"
"658",658,7.62,0.6,"normal"
"659",659,7.81,0.59,"normal"
"660",660,7.93,0.58,"normal"
"661",661,7.78,0.59,"normal"
"662",662,7.91,0.59,"normal"
"663",663,7.97,0.58,"normal"
"664",664,7.97,0.58,"normal"
"665",665,7.98,0.58,"normal"
"666",666,7.81,0.59,"normal"
"667",667,7.95,0.58,"normal"
"668",668,7.97,0.58,"normal"
"669",669,7.97,0.58,"normal"
"670",670,7.86,0.59,"normal"
"671",671,7.73,0.59,"normal"
"672",672,7.94,0.58,"normal"
"673",673,7.85,0.59,"normal"
"674",674,7.98,0.58,"normal"
"675",675,7.83,0.59,"normal"
"676",676,7.86,0.59,"normal"
"677",677,7.93,0.58,"normal"
"678",678,7.46,0.6,"normal"
"679",679,7.37,0.61,"normal"
"680",680,7.98,0.58,"normal"
"681",681,7.89,0.59,"normal"
"682",682,7.95,0.58,"normal"
"683",683,7.62,0.6,"normal"
"684",684,7.85,0.59,"normal"
"685",685,7.95,0.58,"normal"
"686",686,7.9,0.59,"normal"
"687",687,8,0.58,"normal"
"688",688,7.85,0.59,"normal"
"689",689,7.95,0.58,"normal"
"690",690,7.86,0.59,"normal"
"691",691,7.97,0.58,"normal"
"692",692,7.98,0.58,"normal"
"693",693,7.78,0.59,"normal"
"694",694,7.95,0.58,"normal"
"695",695,7.95,0.58,"normal"
"696",696,7.99,0.58,"normal"
"697",697,7.93,0.58,"normal"
"698",698,7.96,0.58,"normal"
"699",699,7.73,0.59,"normal"
"700",700,7.73,0.59,"normal"
"701",701,7.97,0.58,"normal"
"702",702,7.92,0.59,"normal"
"703",703,7.79,0.59,"normal"
"704",704,7.82,0.59,"normal"
"705",705,7.88,0.59,"normal"
"706",706,7.97,0.58,"normal"
"707",707,7.65,0.6,"normal"
"708",708,7.97,0.58,"normal"
"709",709,8,0.58,"normal"
"710",710,7.91,0.59,"normal"
"711",711,7.26,0.61,"normal"
"712",712,7.91,0.59,"normal"
"713",713,7.65,0.6,"normal"
"714",714,7.89,0.59,"normal"
"715",715,7.81,0.59,"normal"
"716",716,7.77,0.59,"normal"
"717",717,7.91,0.59,"normal"
"718",718,7.92,0.59,"normal"
"719",719,7.93,0.58,"normal"
"720",720,7.91,0.59,"normal"
"721",721,7.86,0.59,"normal"
"722",722,7.97,0.58,"normal"
"723",723,7.76,0.59,"normal"
"724",724,7.91,0.59,"normal"
"725",725,7.94,0.58,"normal"
"726",726,7.95,0.58,"normal"
"727",727,7.95,0.58,"normal"
"728",728,7.93,0.58,"normal"
"729",729,7.83,0.59,"normal"
"730",730,7.9,0.59,"normal"
"731",731,7.56,0.6,"normal"
"732",732,7.63,0.6,"normal"
"733",733,8,0.58,"normal"
"734",734,7.15,0.62,"normal"
"735",735,7.96,0.58,"normal"
"736",736,7.93,0.58,"normal"
"737",737,7.97,0.58,"normal"
"738",738,8,0.58,"normal"
"739",739,7.95,0.58,"normal"
"740",740,7.98,0.58,"normal"
"741",741,7.67,0.6,"normal"
"742",742,7.83,0.59,"normal"
"743",743,7.81,0.59,"normal"
"744",744,7.95,0.58,"normal"
"745",745,7.96,0.58,"normal"
"746",746,7.94,0.58,"normal"
"747",747,7.87,0.59,"normal"
"748",748,7.97,0.58,"normal"
"749",749,7.96,0.58,"normal"
"750",750,7.96,0.58,"normal"
"751",751,7.02,0.62,"normal"
"752",752,7.89,0.59,"normal"
"753",753,7.89,0.59,"normal"
"754",754,7.67,0.6,"normal"
"755",755,7.86,0.59,"normal"
"756",756,7.6,0.6,"normal"
"757",757,7.66,0.6,"normal"
"758",758,7.99,0.58,"normal"
"759",759,7.95,0.58,"normal"
"760",760,7.96,0.58,"normal"
"761",761,7.79,0.59,"normal"
"762",762,6.87,0.63,"anomalia"
"763",763,7.95,0.58,"normal"
"764",764,7.99,0.58,"normal"
"765",765,7.85,0.59,"normal"
"766",766,7.89,0.59,"normal"
"767",767,7.59,0.6,"normal"
"768",768,7.97,0.58,"normal"
"769",769,7.7,0.59,"normal"
"770",770,8,0.58,"normal"
"771",771,7.88,0.59,"normal"
"772",772,7.83,0.59,"normal"
"773",773,7.95,0.58,"normal"
"774",774,7.93,0.58,"normal"
"775",775,7.82,0.59,"normal"
"776",776,7.88,0.59,"normal"
"777",777,7.47,0.6,"normal"
"778",778,7.78,0.59,"normal"
"779",779,7.76,0.59,"normal"
"780",780,8,0.58,"normal"
"781",781,7.93,0.58,"normal"
"782",782,7.18,0.62,"normal"
"783",783,7.58,0.6,"normal"
"784",784,7.75,0.59,"normal"
"785",785,7.96,0.58,"normal"
"786",786,7.91,0.59,"normal"
"787",787,7.54,0.6,"normal"
"788",788,7.86,0.59,"normal"
"789",789,7.93,0.58,"normal"
"790",790,7.06,0.62,"normal"
"791",791,7.96,0.58,"normal"
"792",792,7.93,0.58,"normal"
"793",793,7.98,0.58,"normal"
"794",794,7.89,0.59,"normal"
"795",795,7.87,0.59,"normal"
"796",796,7.9,0.59,"normal"
"797",797,7.78,0.59,"normal"
"798",798,7.93,0.58,"normal"
"799",799,7.89,0.59,"normal"
"800",800,7.76,0.59,"normal"
"801",801,7.73,0.59,"normal"
"802",802,7.87,0.59,"normal"
"803",803,7.59,0.6,"normal"
"804",804,7.84,0.59,"normal"
"805",805,7.99,0.58,"normal"
"806",806,7.8,0.59,"normal"
"807",807,7.94,0.58,"normal"
"808",808,7.94,0.58,"normal"
"809",809,7.68,0.59,"normal"
"810",810,7.52,0.6,"normal"
"811",811,7.64,0.6,"normal"
"812",812,7.95,0.58,"normal"
"813",813,7.56,0.6,"normal"
"814",814,7.15,0.62,"normal"
"815",815,7.97,0.58,"normal"
"816",816,7.89,0.59,"normal"
"817",817,7.7,0.59,"normal"
"818",818,7.99,0.58,"normal"
"819",819,7.97,0.58,"normal"
"820",820,7.99,0.58,"normal"
"821",821,7.97,0.58,"normal"
"822",822,7.8,0.59,"normal"
"823",823,7.81,0.59,"normal"
"824",824,7.66,0.6,"normal"
"825",825,7.7,0.59,"normal"
"826",826,7.93,0.58,"normal"
"827",827,7.3,0.61,"normal"
"828",828,7.94,0.58,"normal"
"829",829,7.47,0.6,"normal"
"830",830,7.99,0.58,"normal"
"831",831,7.7,0.59,"normal"
"832",832,7.98,0.58,"normal"
"833",833,7.98,0.58,"normal"
"834",834,7.89,0.59,"normal"
"835",835,7.18,0.62,"normal"
"836",836,7.97,0.58,"normal"
"837",837,7.92,0.59,"normal"
"838",838,7.92,0.59,"normal"
"839",839,7.95,0.58,"normal"
"840",840,7.84,0.59,"normal"
"841",841,7.96,0.58,"normal"
"842",842,7.96,0.58,"normal"
"843",843,7.82,0.59,"normal"
"844",844,7.96,0.58,"normal"
"845",845,7.44,0.6,"normal"
"846",846,7.8,0.59,"normal"
"847",847,7.98,0.58,"normal"
"848",848,7.86,0.59,"normal"
"849",849,7.93,0.58,"normal"
"850",850,7.97,0.58,"normal"
"851",851,7.73,0.59,"normal"
"852",852,7.71,0.59,"normal"
"853",853,7.69,0.59,"normal"
"854",854,7.94,0.58,"normal"
"855",855,7.89,0.59,"normal"
"856",856,7.93,0.58,"normal"
"857",857,7.48,0.6,"normal"
"858",858,7.99,0.58,"normal"
"859",859,7.47,0.6,"normal"
"860",860,7.96,0.58,"normal"
"861",861,7.99,0.58,"normal"
"862",862,7.96,0.58,"normal"
"863",863,7.92,0.59,"normal"
"864",864,7.12,0.62,"normal"
"865",865,7.91,0.59,"normal"
"866",866,7.87,0.59,"normal"
"867",867,7.9,0.59,"normal"
"868",868,7.93,0.58,"normal"
"869",869,7.79,0.59,"normal"
"870",870,7.71,0.59,"normal"
"871",871,7.98,0.58,"normal"
"872",872,7.83,0.59,"normal"
"873",873,8,0.58,"normal"
"874",874,7.66,0.6,"normal"
"875",875,7.24,0.61,"normal"
"876",876,7.97,0.58,"normal"
"877",877,7.91,0.59,"normal"
"878",878,7.66,0.6,"normal"
"879",879,7.93,0.58,"normal"
"880",880,7.95,0.58,"normal"
"881",881,8,0.58,"normal"
"882",882,7.67,0.6,"normal"
"883",883,7.91,0.59,"normal"
"884",884,7.93,0.58,"normal"
"885",885,7.93,0.58,"normal"
"886",886,7.97,0.58,"normal"
"887",887,7.81,0.59,"normal"
"888",888,7.98,0.58,"normal"
"889",889,7.82,0.59,"normal"
"890",890,7.92,0.59,"normal"
"891",891,7.99,0.58,"normal"
"892",892,7.95,0.58,"normal"
"893",893,7.73,0.59,"normal"
"894",894,7.92,0.59,"normal"
"895",895,7.97,0.58,"normal"
"896",896,7.92,0.59,"normal"
"897",897,7.87,0.59,"normal"
"898",898,7.96,0.58,"normal"
"899",899,7.78,0.59,"normal"
"900",900,7.97,0.58,"normal"
"901",901,7.73,0.59,"normal"
"902",902,7.76,0.59,"normal"
"903",903,7.96,0.58,"normal"
"904",904,7.98,0.58,"normal"
"905",905,7.92,0.59,"normal"
"906",906,7.8,0.59,"normal"
"907",907,7.79,0.59,"normal"
"908",908,7.95,0.58,"normal"
"909",909,7.49,0.6,"normal"
"910",910,7.76,0.59,"normal"
"911",911,7.96,0.58,"normal"
"912",912,7.9,0.59,"normal"
"913",913,7.88,0.59,"normal"
"914",914,7.89,0.59,"normal"
"915",915,7.94,0.58,"normal"
"916",916,7.37,0.61,"normal"
"917",917,7.97,0.58,"normal"
"918",918,7.67,0.6,"normal"
"919",919,7.97,0.58,"normal"
"920",920,7.83,0.59,"normal"
"921",921,7.82,0.59,"normal"
"922",922,7.88,0.59,"normal"
"923",923,7.16,0.62,"normal"
"924",924,7.82,0.59,"normal"
"925",925,7.8,0.59,"normal"
"926",926,7.06,0.62,"normal"
"927",927,7.96,0.58,"normal"
"928",928,7.93,0.58,"normal"
"929",929,7.86,0.59,"normal"
"930",930,7.79,0.59,"normal"
"931",931,7.92,0.59,"normal"
"932",932,7.98,0.58,"normal"
"933",933,7.53,0.6,"normal"
"934",934,7.66,0.6,"normal"
"935",935,7.94,0.58,"normal"
"936",936,7.77,0.59,"normal"
"937",937,7.89,0.59,"normal"
"938",938,7.07,0.62,"normal"
"939",939,7.92,0.59,"normal"
"940",940,7.81,0.59,"normal"
"941",941,7.83,0.59,"normal"
"942",942,7.9,0.59,"normal"
"943",943,7.92,0.59,"normal"
"944",944,7.92,0.59,"normal"
"945",945,7.95,0.58,"normal"
"946",946,7.9,0.59,"normal"
"947",947,7.89,0.59,"normal"
"948",948,7.85,0.59,"normal"
"949",949,7.98,0.58,"normal"
"950",950,7.41,0.61,"normal"
"951",951,7.9,0.59,"normal"
"952",952,7.55,0.6,"normal"
"953",953,7.98,0.58,"normal"
"954",954,7.98,0.58,"normal"
"955",955,7.9,0.59,"normal"
"956",956,7.74,0.59,"normal"
"957",957,7.77,0.59,"normal"
"958",958,7.99,0.58,"normal"
"959",959,7.82,0.59,"normal"
"960",960,7.97,0.58,"normal"
"961",961,7.92,0.59,"normal"
"962",962,7.98,0.58,"normal"
"963",963,7.18,0.62,"normal"
"964",964,7.69,0.59,"normal"
"965",965,7.81,0.59,"normal"
"966",966,7.85,0.59,"normal"
"967",967,7.97,0.58,"normal"
"968",968,7.93,0.58,"normal"
"969",969,7.8,0.59,"normal"
"970",970,7.87,0.59,"normal"
"971",971,7.96,0.58,"normal"
"972",972,7.97,0.58,"normal"
"973",973,7.84,0.59,"normal"
"974",974,7.97,0.58,"normal"
"975",975,8,0.58,"normal"
"976",976,7.96,0.58,"normal"
"977",977,7.79,0.59,"normal"
"978",978,7.9,0.59,"normal"
"979",979,7.98,0.58,"normal"
"980",980,7.98,0.58,"normal"
"981",981,7.91,0.59,"normal"
"982",982,7.87,0.59,"normal"
"983",983,7.96,0.58,"normal"
"984",984,7.97,0.58,"normal"
"985",985,7.83,0.59,"normal"
"986",986,7.79,0.59,"normal"
"987",987,7.84,0.59,"normal"
"988",988,7.88,0.59,"normal"
"989",989,7.9,0.59,"normal"
"990",990,7.9,0.59,"normal"
"991",991,8,0.58,"normal"
"992",992,7.91,0.59,"normal"
"993",993,7.4,0.61,"normal"
"994",994,7.9,0.59,"normal"
"995",995,7.96,0.58,"normal"
"996",996,7.93,0.58,"normal"
"997",997,7.81,0.59,"normal"
"998",998,8,0.58,"normal"
"999",999,7.53,0.6,"normal"
"1000",1000,7.84,0.59,"normal"
"1001",1001,7.4,0.61,"normal"
"1002",1002,7.93,0.58,"normal"
"1003",1003,7.78,0.59,"normal"
"1004",1004,7.96,0.58,"normal"
"1005",1005,7.82,0.59,"normal"
"1006",1006,7.94,0.58,"normal"
"1007",1007,7.97,0.58,"normal"
"1008",1008,7.87,0.59,"normal"
"1009",1009,7.8,0.59,"normal"
"1010",1010,7.93,0.58,"normal"
"1011",1011,7.99,0.58,"normal"
"1012",1012,7.64,0.6,"normal"
"1013",1013,7.05,0.62,"normal"
"1014",1014,7.84,0.59,"normal"
"1015",1015,7.84,0.59,"normal"
"1016",1016,7.94,0.58,"normal"
"1017",1017,7.81,0.59,"normal"
"1018",1018,7.93,0.58,"normal"
"1019",1019,7.84,0.59,"normal"
"1020",1020,7.91,0.59,"normal"
"1021",1021,7.74,0.59,"normal"
"1022",1022,7.94,0.58,"normal"
"1023",1023,7.95,0.58,"normal"
"1024",1024,7.93,0.58,"normal"
"1025",1025,7.91,0.59,"normal"
"1026",1026,7.98,0.58,"normal"
"1027",1027,7.03,0.62,"normal"
"1028",1028,7.84,0.59,"normal"
"1029",1029,7.88,0.59,"normal"
"1030",1030,7.72,0.59,"normal"
"1031",1031,7.98,0.58,"normal"
"1032",1032,7.8,0.59,"normal"
"1033",1033,7.92,0.59,"normal"
"1034",1034,7.67,0.6,"normal"
"1035",1035,7.96,0.58,"normal"
"1036",1036,7.73,0.59,"normal"
"1037",1037,7.8,0.59,"normal"
"1038",1038,7.25,0.61,"normal"
"1039",1039,7.86,0.59,"normal"
"1040",1040,7.91,0.59,"normal"
"1041",1041,8,0.58,"normal"
"1042",1042,7.72,0.59,"normal"
"1043",1043,7.97,0.58,"normal"
"1044",1044,7.85,0.59,"normal"
"1045",1045,6.88,0.63,"anomalia"
"1046",1046,7.82,0.59,"normal"
"1047",1047,7.63,0.6,"normal"
"1048",1048,7.78,0.59,"normal"
"1049",1049,7.97,0.58,"normal"
"1050",1050,7.56,0.6,"normal"
"1051",1051,7.97,0.58,"normal"
"1052",1052,7.89,0.59,"normal"
"1053",1053,7.52,0.6,"normal"
"1054",1054,7.93,0.58,"normal"
"1055",1055,7.89,0.59,"normal"
"1056",1056,7.93,0.58,"normal"
"1057",1057,7.72,0.59,"normal"
"1058",1058,7.75,0.59,"normal"
"1059",1059,7.89,0.59,"normal"
"1060",1060,7.85,0.59,"normal"
"1061",1061,6.73,0.63,"anomalia"
"1062",1062,7.97,0.58,"normal"
"1063",1063,7.91,0.59,"normal"
"1064",1064,7.84,0.59,"normal"
"1065",1065,7.81,0.59,"normal"
"1066",1066,7.93,0.58,"normal"
"1067",1067,7.84,0.59,"normal"
"1068",1068,7.93,0.58,"normal"
"1069",1069,7.67,0.6,"normal"
"1070",1070,7.84,0.59,"normal"
"1071",1071,7.96,0.58,"normal"
"1072",1072,7.86,0.59,"normal"
"1073",1073,7.94,0.58,"normal"
"1074",1074,6.54,0.64,"anomalia"
"1075",1075,7.82,0.59,"normal"
"1076",1076,7.8,0.59,"normal"
"1077",1077,7.15,0.62,"normal"
"1078",1078,7.67,0.6,"normal"
"1079",1079,7.59,0.6,"normal"
"1080",1080,7.99,0.58,"normal"
"1081",1081,7.99,0.58,"normal"
"1082",1082,7.89,0.59,"normal"
"1083",1083,7.88,0.59,"normal"
"1084",1084,7.96,0.58,"normal"
"1085",1085,7.88,0.59,"normal"
"1086",1086,8,0.58,"normal"
"1087",1087,7.9,0.59,"normal"
"1088",1088,7.93,0.58,"normal"
"1089",1089,7.93,0.58,"normal"
"1090",1090,7.91,0.59,"normal"
"1091",1091,6.94,0.63,"anomalia"
"1092",1092,7.86,0.59,"normal"
"1093",1093,7.77,0.59,"normal"
"1094",1094,7.17,0.62,"normal"
"1095",1095,7.8,0.59,"normal"
"1096",1096,7.88,0.59,"normal"
"1097",1097,7.95,0.58,"normal"
"1098",1098,7.15,0.62,"normal"
"1099",1099,7.94,0.58,"normal"
"1100",1100,7.82,0.59,"normal"
"1101",1101,7.97,0.58,"normal"
"1102",1102,7.66,0.6,"normal"
"1103",1103,6.57,0.64,"anomalia"
"1104",1104,7.77,0.59,"normal"
"1105",1105,7.97,0.58,"normal"
"1106",1106,7.98,0.58,"normal"
"1107",1107,7.73,0.59,"normal"
"1108",1108,7.95,0.58,"normal"
"1109",1109,7.81,0.59,"normal"
"1110",1110,7.99,0.58,"normal"
"1111",1111,7.93,0.58,"normal"
"1112",1112,7.9,0.59,"normal"
"1113",1113,7.96,0.58,"normal"
"1114",1114,7.68,0.59,"normal"
"1115",1115,7.67,0.6,"normal"
"1116",1116,7.69,0.59,"normal"
"1117",1117,7.93,0.58,"normal"
"1118",1118,7.87,0.59,"normal"
"1119",1119,7.93,0.58,"normal"
"1120",1120,7.29,0.61,"normal"
"1121",1121,7.97,0.58,"normal"
"1122",1122,7.81,0.59,"normal"
"1123",1123,7.73,0.59,"normal"
"1124",1124,7.99,0.58,"normal"
"1125",1125,7.7,0.59,"normal"
"1126",1126,7.28,0.61,"normal"
"1127",1127,7.94,0.58,"normal"
"1128",1128,7.91,0.59,"normal"
"1129",1129,7.88,0.59,"normal"
"1130",1130,7.15,0.62,"normal"
"1131",1131,7.87,0.59,"normal"
"1132",1132,7.89,0.59,"normal"
"1133",1133,7.98,0.58,"normal"
"1134",1134,7.49,0.6,"normal"
"1135",1135,7.92,0.59,"normal"
"1136",1136,6.72,0.63,"anomalia"
"1137",1137,7.89,0.59,"normal"
"1138",1138,7.99,0.58,"normal"
"1139",1139,7.77,0.59,"normal"
"1140",1140,7.93,0.58,"normal"
"1141",1141,7.18,0.62,"normal"
"1142",1142,7.94,0.58,"normal"
"1143",1143,7.99,0.58,"normal"
"1144",1144,7.82,0.59,"normal"
"1145",1145,7.73,0.59,"normal"
"1146",1146,7.95,0.58,"normal"
"1147",1147,7.98,0.58,"normal"
"1148",1148,7.61,0.6,"normal"
"1149",1149,7.9,0.59,"normal"
"1150",1150,7.98,0.58,"normal"
"1151",1151,7.89,0.59,"normal"
"1152",1152,7.97,0.58,"normal"
"1153",1153,7.89,0.59,"normal"
"1154",1154,7.25,0.61,"normal"
"1155",1155,7.95,0.58,"normal"
"1156",1156,7.96,0.58,"normal"
"1157",1157,7.95,0.58,"normal"
"1158",1158,7.89,0.59,"normal"
"1159",1159,7.79,0.59,"normal"
"1160",1160,7.76,0.59,"normal"
"1161",1161,7.91,0.59,"normal"
"1162",1162,7.98,0.58,"normal"
"1163",1163,7.99,0.58,"normal"
"1164",1164,7.74,0.59,"normal"
"1165",1165,7.95,0.58,"normal"
"1166",1166,7.93,0.58,"normal"
"1167",1167,7.97,0.58,"normal"
"1168",1168,7.99,0.58,"normal"
"1169",1169,7.95,0.58,"normal"
"1170",1170,7.6,0.6,"normal"
"1171",1171,7.29,0.61,"normal"
"1172",1172,7.71,0.59,"normal"
"1173",1173,7.94,0.58,"normal"
"1174",1174,7.99,0.58,"normal"
"1175",1175,7.77,0.59,"normal"
"1176",1176,8,0.58,"normal"
"1177",1177,7.57,0.6,"normal"
"1178",1178,7.98,0.58,"normal"
"1179",1179,7.91,0.59,"normal"
"1180",1180,7.98,0.58,"normal"
"1181",1181,7.99,0.58,"normal"
"1182",1182,7.76,0.59,"normal"
"1183",1183,7.97,0.58,"normal"
"1184",1184,8,0.58,"normal"
"1185",1185,7.17,0.62,"normal"
"1186",1186,7.98,0.58,"normal"
"1187",1187,8,0.58,"normal"
"1188",1188,7.98,0.58,"normal"
"1189",1189,7.79,0.59,"normal"
"1190",1190,8,0.58,"normal"
"1191",1191,7.88,0.59,"normal"
"1192",1192,7.92,0.59,"normal"
"1193",1193,7.72,0.59,"normal"
"1194",1194,7.75,0.59,"normal"
"1195",1195,7.71,0.59,"normal"
"1196",1196,7.92,0.59,"normal"
"1197",1197,7.85,0.59,"normal"
"1198",1198,7.38,0.61,"normal"
"1199",1199,7.95,0.58,"normal"
"1200",1200,7.77,0.59,"normal"
"1201",1201,7.99,0.58,"normal"
"1202",1202,7.92,0.59,"normal"
"1203",1203,8,0.58,"normal"
"1204",1204,7.21,0.61,"normal"
"1205",1205,7.96,0.58,"normal"
"1206",1206,7.93,0.58,"normal"
"1207",1207,7.85,0.59,"normal"
"1208",1208,7.94,0.58,"normal"
"1209",1209,7.98,0.58,"normal"
"1210",1210,7.72,0.59,"normal"
"1211",1211,7.85,0.59,"normal"
"1212",1212,7.74,0.59,"normal"
"1213",1213,7.97,0.58,"normal"
"1214",1214,7.88,0.59,"normal"
"1215",1215,7.61,0.6,"normal"
"1216",1216,7.97,0.58,"normal"
"1217",1217,7.69,0.59,"normal"
"1218",1218,7.4,0.61,"normal"
"1219",1219,7.95,0.58,"normal"
"1220",1220,7.94,0.58,"normal"
"1221",1221,7.64,0.6,"normal"
"1222",1222,7.95,0.58,"normal"
"1223",1223,7.98,0.58,"normal"
"1224",1224,7.9,0.59,"normal"
"1225",1225,7.85,0.59,"normal"
"1226",1226,7.96,0.58,"normal"
"1227",1227,7.76,0.59,"normal"
"1228",1228,7.93,0.58,"normal"
"1229",1229,7.98,0.58,"normal"
"1230",1230,7.86,0.59,"normal"
"1231",1231,7.49,0.6,"normal"
"1232",1232,7.91,0.59,"normal"
"1233",1233,7.76,0.59,"normal"
"1234",1234,7.76,0.59,"normal"
"1235",1235,7.96,0.58,"normal"
"1236",1236,7.95,0.58,"normal"
"1237",1237,7.93,0.58,"normal"
"1238",1238,7.9,0.59,"normal"
"1239",1239,7.26,0.61,"normal"
"1240",1240,7.88,0.59,"normal"
"1241",1241,7.86,0.59,"normal"
"1242",1242,7.95,0.58,"normal"
"1243",1243,7.95,0.58,"normal"
"1244",1244,7.86,0.59,"normal"
"1245",1245,7.46,0.6,"normal"
"1246",1246,7.95,0.58,"normal"
"1247",1247,7.8,0.59,"normal"
"1248",1248,7.81,0.59,"normal"
"1249",1249,7.99,0.58,"normal"
"1250",1250,7.95,0.58,"normal"
"1251",1251,7.99,0.58,"normal"
"1252",1252,7.94,0.58,"normal"
"1253",1253,7.93,0.58,"normal"
"1254",1254,7.23,0.61,"normal"
"1255",1255,7.92,0.59,"normal"
"1256",1256,7.92,0.59,"normal"
"1257",1257,7.98,0.58,"normal"
"1258",1258,7.94,0.58,"normal"
"1259",1259,7.14,0.62,"normal"
"1260",1260,7.67,0.6,"normal"
"1261",1261,7.91,0.59,"normal"
"1262",1262,8,0.58,"normal"
"1263",1263,7.76,0.59,"normal"
"1264",1264,7.9,0.59,"normal"
"1265",1265,7.83,0.59,"normal"
"1266",1266,7.99,0.58,"normal"
"1267",1267,7.96,0.58,"normal"
"1268",1268,7.96,0.58,"normal"
"1269",1269,7.93,0.58,"normal"
"1270",1270,7.81,0.59,"normal"
"1271",1271,7.9,0.59,"normal"
"1272",1272,7.65,0.6,"normal"
"1273",1273,7.9,0.59,"normal"
"1274",1274,7.93,0.58,"normal"
"1275",1275,7.88,0.59,"normal"
"1276",1276,7.49,0.6,"normal"
"1277",1277,7.93,0.58,"normal"
"1278",1278,7.98,0.58,"normal"
"1279",1279,7.71,0.59,"normal"
"1280",1280,7.26,0.61,"normal"
"1281",1281,7.84,0.59,"normal"
"1282",1282,7.79,0.59,"normal"
"1283",1283,7.02,0.62,"normal"
"1284",1284,7.83,0.59,"normal"
"1285",1285,7.95,0.58,"normal"
"1286",1286,7.97,0.58,"normal"
"1287",1287,7.78,0.59,"normal"
"1288",1288,7.87,0.59,"normal"
"1289",1289,7.76,0.59,"normal"
"1290",1290,7.89,0.59,"normal"
"1291",1291,7.94,0.58,"normal"
"1292",1292,7.95,0.58,"normal"
"1293",1293,6.91,0.63,"anomalia"
"1294",1294,7.73,0.59,"normal"
"1295",1295,7.8,0.59,"normal"
"1296",1296,7.62,0.6,"normal"
"1297",1297,7.97,0.58,"normal"
"1298",1298,7.71,0.59,"normal"
"1299",1299,7.95,0.58,"normal"
"1300",1300,7.92,0.59,"normal"
"1301",1301,7.97,0.58,"normal"
"1302",1302,7.94,0.58,"normal"
"1303",1303,7.79,0.59,"normal"
"1304",1304,7.79,0.59,"normal"
"1305",1305,7.84,0.59,"normal"
"1306",1306,7.41,0.61,"normal"
"1307",1307,7.96,0.58,"normal"
"1308",1308,7.81,0.59,"normal"
"1309",1309,7.91,0.59,"normal"
"1310",1310,7.99,0.58,"normal"
"1311",1311,7.98,0.58,"normal"
"1312",1312,7.94,0.58,"normal"
"1313",1313,7.98,0.58,"normal"
"1314",1314,7.33,0.61,"normal"
"1315",1315,7.95,0.58,"normal"
"1316",1316,7.64,0.6,"normal"
"1317",1317,7.89,0.59,"normal"
"1318",1318,7.9,0.59,"normal"
"1319",1319,7.97,0.58,"normal"
"1320",1320,7.92,0.59,"normal"
"1321",1321,7.96,0.58,"normal"
"1322",1322,7.87,0.59,"normal"
"1323",1323,7.83,0.59,"normal"
"1324",1324,7.86,0.59,"normal"
"1325",1325,7.95,0.58,"normal"
"1326",1326,7.9,0.59,"normal"
"1327",1327,7.92,0.59,"normal"
"1328",1328,7.78,0.59,"normal"
"1329",1329,7.73,0.59,"normal"
"1330",1330,7.96,0.58,"normal"
"1331",1331,7.97,0.58,"normal"
"1332",1332,7.99,0.58,"normal"
"1333",1333,7.25,0.61,"normal"
"1334",1334,7.91,0.59,"normal"
"1335",1335,7.96,0.58,"normal"
"1336",1336,7.79,0.59,"normal"
"1337",1337,7.88,0.59,"normal"
"1338",1338,7.82,0.59,"normal"
"1339",1339,7.93,0.58,"normal"
"1340",1340,7.92,0.59,"normal"
"1341",1341,7.98,0.58,"normal"
"1342",1342,7.94,0.58,"normal"
"1343",1343,7.15,0.62,"normal"
"1344",1344,7.81,0.59,"normal"
"1345",1345,7.83,0.59,"normal"
"1346",1346,7.98,0.58,"normal"
"1347",1347,7.9,0.59,"normal"
"1348",1348,7.91,0.59,"normal"
"1349",1349,7.92,0.59,"normal"
"1350",1350,7.92,0.59,"normal"
"1351",1351,7.99,0.58,"normal"
"1352",1352,7.79,0.59,"normal"
"1353",1353,7.87,0.59,"normal"
"1354",1354,7.73,0.59,"normal"
"1355",1355,7.79,0.59,"normal"
"1356",1356,7.86,0.59,"normal"
"1357",1357,7.11,0.62,"normal"
"1358",1358,7.89,0.59,"normal"
"1359",1359,8,0.58,"normal"
"1360",1360,7.94,0.58,"normal"
"1361",1361,7.72,0.59,"normal"
"1362",1362,7.97,0.58,"normal"
"1363",1363,7.91,0.59,"normal"
"1364",1364,7.81,0.59,"normal"
"1365",1365,7.45,0.6,"normal"
"1366",1366,7.94,0.58,"normal"
"1367",1367,7.91,0.59,"normal"
"1368",1368,7.92,0.59,"normal"
"1369",1369,7.19,0.61,"normal"
"1370",1370,7.98,0.58,"normal"
"1371",1371,7.94,0.58,"normal"
"1372",1372,7.95,0.58,"normal"
"1373",1373,7.75,0.59,"normal"
"1374",1374,7.91,0.59,"normal"
"1375",1375,7.57,0.6,"normal"
"1376",1376,7.96,0.58,"normal"
"1377",1377,7.9,0.59,"normal"
"1378",1378,6.93,0.63,"anomalia"
"1379",1379,7.22,0.61,"normal"
"1380",1380,7.69,0.59,"normal"
"1381",1381,7.82,0.59,"normal"
"1382",1382,7.9,0.59,"normal"
"1383",1383,7.78,0.59,"normal"
"1384",1384,7.81,0.59,"normal"
"1385",1385,7.99,0.58,"normal"
"1386",1386,7.96,0.58,"normal"
"1387",1387,7.55,0.6,"normal"
"1388",1388,6.97,0.62,"normal"
"1389",1389,7.69,0.59,"normal"
"1390",1390,7.14,0.62,"normal"
"1391",1391,7.98,0.58,"normal"
"1392",1392,7.75,0.59,"normal"
"1393",1393,7.72,0.59,"normal"
"1394",1394,6.97,0.62,"normal"
"1395",1395,7.9,0.59,"normal"
"1396",1396,7.9,0.59,"normal"
"1397",1397,7.34,0.61,"normal"
"1398",1398,7.93,0.58,"normal"
"1399",1399,7.72,0.59,"normal"
"1400",1400,7.96,0.58,"normal"
"1401",1401,7.76,0.59,"normal"
"1402",1402,7.85,0.59,"normal"
"1403",1403,7.79,0.59,"normal"
"1404",1404,7.65,0.6,"normal"
"1405",1405,7.85,0.59,"normal"
"1406",1406,7.9,0.59,"normal"
"1407",1407,7.95,0.58,"normal"
"1408",1408,7.98,0.58,"normal"
"1409",1409,7.43,0.6,"normal"
"1410",1410,7.91,0.59,"normal"
"1411",1411,7.97,0.58,"normal"
"1412",1412,7.91,0.59,"normal"
"1413",1413,7.98,0.58,"normal"
"1414",1414,7.85,0.59,"normal"
"1415",1415,7.85,0.59,"normal"
"1416",1416,7.87,0.59,"normal"
"1417",1417,7.69,0.59,"normal"
"1418",1418,7.92,0.59,"normal"
"1419",1419,7.88,0.59,"normal"
"1420",1420,7.79,0.59,"normal"
"1421",1421,7.93,0.58,"normal"
"1422",1422,7.94,0.58,"normal"
"1423",1423,7.97,0.58,"normal"
"1424",1424,7.89,0.59,"normal"
"1425",1425,7.36,0.61,"normal"
"1426",1426,7.58,0.6,"normal"
"1427",1427,7.79,0.59,"normal"
"1428",1428,7.92,0.59,"normal"
"1429",1429,7.97,0.58,"normal"
"1430",1430,7.83,0.59,"normal"
"1431",1431,7.97,0.58,"normal"
"1432",1432,7.93,0.58,"normal"
"1433",1433,7.83,0.59,"normal"
"1434",1434,7.85,0.59,"normal"
"1435",1435,7.96,0.58,"normal"
"1436",1436,7.98,0.58,"normal"
"1437",1437,7.57,0.6,"normal"
"1438",1438,7.88,0.59,"normal"
"1439",1439,7.94,0.58,"normal"
"1440",1440,7.63,0.6,"normal"
"1441",1441,8,0.58,"normal"
"1442",1442,7.71,0.59,"normal"
"1443",1443,7.95,0.58,"normal"
"1444",1444,7.79,0.59,"normal"
"1445",1445,7.92,0.59,"normal"
"1446",1446,7.92,0.59,"normal"
"1447",1447,7.88,0.59,"normal"
"1448",1448,7.96,0.58,"normal"
"1449",1449,7.82,0.59,"normal"
"1450",1450,7.51,0.6,"normal"
"1451",1451,7.31,0.61,"normal"
"1452",1452,7.07,0.62,"normal"
"1453",1453,7.86,0.59,"normal"
"1454",1454,7.77,0.59,"normal"
"1455",1455,7.96,0.58,"normal"
"1456",1456,7.94,0.58,"normal"
"1457",1457,7.07,0.62,"normal"
"1458",1458,7.92,0.59,"normal"
"1459",1459,7.97,0.58,"normal"
"1460",1460,7.96,0.58,"normal"
"1461",1461,7.91,0.59,"normal"
"1462",1462,7.94,0.58,"normal"
"1463",1463,7.96,0.58,"normal"
"1464",1464,8,0.58,"normal"
"1465",1465,7.93,0.58,"normal"
"1466",1466,7.92,0.59,"normal"
"1467",1467,7.95,0.58,"normal"
"1468",1468,7.74,0.59,"normal"
"1469",1469,7.59,0.6,"normal"
"1470",1470,7.98,0.58,"normal"
"1471",1471,7.73,0.59,"normal"
"1472",1472,6.98,0.62,"normal"
"1473",1473,7.83,0.59,"normal"
"1474",1474,7.96,0.58,"normal"
"1475",1475,7.96,0.58,"normal"
"1476",1476,7.88,0.59,"normal"
"1477",1477,7.45,0.6,"normal"
"1478",1478,7.99,0.58,"normal"
"1479",1479,7.9,0.59,"normal"
"1480",1480,7.88,0.59,"normal"
"1481",1481,7.77,0.59,"normal"
"1482",1482,7.75,0.59,"normal"
"1483",1483,7.97,0.58,"normal"
"1484",1484,7.87,0.59,"normal"
"1485",1485,7.75,0.59,"normal"
"1486",1486,7.96,0.58,"normal"
"1487",1487,7.6,0.6,"normal"
"1488",1488,7.86,0.59,"normal"
"1489",1489,7.89,0.59,"normal"
"1490",1490,7.25,0.61,"normal"
"1491",1491,7.96,0.58,"normal"
"1492",1492,7.93,0.58,"normal"
"1493",1493,7.99,0.58,"normal"
"1494",1494,7.66,0.6,"normal"
"1495",1495,7.89,0.59,"normal"
"1496",1496,7.79,0.59,"normal"
"1497",1497,7.84,0.59,"normal"
"1498",1498,7.98,0.58,"normal"
"1499",1499,7.89,0.59,"normal"
"1500",1500,7.99,0.58,"normal"
"1501",1501,7.86,0.59,"normal"
"1502",1502,7.72,0.59,"normal"
"1503",1503,7.98,0.58,"normal"
"1504",1504,7.97,0.58,"normal"
"1505",1505,7.01,0.62,"normal"
"1506",1506,7.84,0.59,"normal"
"1507",1507,7.89,0.59,"normal"
"1508",1508,7.83,0.59,"normal"
"1509",1509,7.82,0.59,"normal"
"1510",1510,7.83,0.59,"normal"
"1511",1511,8,0.58,"normal"
"1512",1512,6.8,0.63,"anomalia"
"1513",1513,7.9,0.59,"normal"
"1514",1514,7.98,0.58,"normal"
"1515",1515,7.92,0.59,"normal"
"1516",1516,7.01,0.62,"normal"
"1517",1517,7.99,0.58,"normal"
"1518",1518,7.96,0.58,"normal"
"1519",1519,7.96,0.58,"normal"
"1520",1520,7.6,0.6,"normal"
"1521",1521,7.84,0.59,"normal"
"1522",1522,7.9,0.59,"normal"
"1523",1523,7.99,0.58,"normal"
"1524",1524,7.97,0.58,"normal"
"1525",1525,7.6,0.6,"normal"
"1526",1526,7.96,0.58,"normal"
"1527",1527,7.98,0.58,"normal"
"1528",1528,7.67,0.6,"normal"
"1529",1529,7.98,0.58,"normal"
"1530",1530,7.86,0.59,"normal"
"1531",1531,7.94,0.58,"normal"
"1532",1532,7.96,0.58,"normal"
"1533",1533,7.94,0.58,"normal"
"1534",1534,7.96,0.58,"normal"
"1535",1535,7.85,0.59,"normal"
"1536",1536,7.9,0.59,"normal"
"1537",1537,7.97,0.58,"normal"
"1538",1538,7.9,0.59,"normal"
"1539",1539,7.95,0.58,"normal"
"1540",1540,7.79,0.59,"normal"
"1541",1541,7.79,0.59,"normal"
"1542",1542,7.33,0.61,"normal"
"1543",1543,7.83,0.59,"normal"
"1544",1544,7.83,0.59,"normal"
"1545",1545,7.91,0.59,"normal"
"1546",1546,7.89,0.59,"normal"
"1547",1547,7.93,0.58,"normal"
"1548",1548,7.68,0.59,"normal"
"1549",1549,7.95,0.58,"normal"
"1550",1550,7.99,0.58,"normal"
"1551",1551,7.97,0.58,"normal"
"1552",1552,7.23,0.61,"normal"
"1553",1553,7.89,0.59,"normal"
"1554",1554,7.99,0.58,"normal"
"1555",1555,7.93,0.58,"normal"
"1556",1556,7.57,0.6,"normal"
"1557",1557,7.67,0.6,"normal"
"1558",1558,8,0.58,"normal"
"1559",1559,7.79,0.59,"normal"
"1560",1560,7.93,0.58,"normal"
"1561",1561,7.94,0.58,"normal"
"1562",1562,8,0.58,"normal"
"1563",1563,7.89,0.59,"normal"
"1564",1564,7.9,0.59,"normal"
"1565",1565,7.99,0.58,"normal"
"1566",1566,7.76,0.59,"normal"
"1567",1567,7.98,0.58,"normal"
"1568",1568,7.5,0.6,"normal"
"1569",1569,7.96,0.58,"normal"
"1570",1570,7.95,0.58,"normal"
"1571",1571,7.94,0.58,"normal"
"1572",1572,7.46,0.6,"normal"
"1573",1573,7.77,0.59,"normal"
"1574",1574,7.9,0.59,"normal"
"1575",1575,7.73,0.59,"normal"
"1576",1576,7.64,0.6,"normal"
"1577",1577,7.19,0.61,"normal"
"1578",1578,7.71,0.59,"normal"
"1579",1579,6.62,0.64,"anomalia"
"1580",1580,7.99,0.58,"normal"
"1581",1581,7.91,0.59,"normal"
"1582",1582,7.97,0.58,"normal"
"1583",1583,7.94,0.58,"normal"
"1584",1584,7.97,0.58,"normal"
"1585",1585,7.91,0.59,"normal"
"1586",1586,7.87,0.59,"normal"
"1587",1587,7.8,0.59,"normal"
"1588",1588,7.99,0.58,"normal"
"1589",1589,7.95,0.58,"normal"
"1590",1590,7.81,0.59,"normal"
"1591",1591,7.75,0.59,"normal"
"1592",1592,7.98,0.58,"normal"
"1593",1593,7.76,0.59,"normal"
"1594",1594,7.95,0.58,"normal"
"1595",1595,7.69,0.59,"normal"
"1596",1596,7.98,0.58,"normal"
"1597",1597,7.16,0.62,"normal"
"1598",1598,7.93,0.58,"normal"
"1599",1599,7.95,0.58,"normal"
"1600",1600,7.77,0.59,"normal"
"1601",1601,7.92,0.59,"normal"
"1602",1602,7.98,0.58,"normal"
"1603",1603,7.84,0.59,"normal"
"1604",1604,7.99,0.58,"normal"
"1605",1605,7.83,0.59,"normal"
"1606",1606,7.94,0.58,"normal"
"1607",1607,7.41,0.61,"normal"
"1608",1608,7.92,0.59,"normal"
"1609",1609,7.54,0.6,"normal"
"1610",1610,7.47,0.6,"normal"
"1611",1611,7.79,0.59,"normal"
"1612",1612,7.73,0.59,"normal"
"1613",1613,7.77,0.59,"normal"
"1614",1614,7.41,0.61,"normal"
"1615",1615,7.97,0.58,"normal"
"1616",1616,7.99,0.58,"normal"
"1617",1617,7.83,0.59,"normal"
"1618",1618,7.78,0.59,"normal"
"1619",1619,7.74,0.59,"normal"
"1620",1620,7.83,0.59,"normal"
"1621",1621,7.23,0.61,"normal"
"1622",1622,7.97,0.58,"normal"
"1623",1623,7.96,0.58,"normal"
"1624",1624,7.7,0.59,"normal"
"1625",1625,7.83,0.59,"normal"
"1626",1626,7.98,0.58,"normal"
"1627",1627,7.96,0.58,"normal"
"1628",1628,7.97,0.58,"normal"
"1629",1629,7.85,0.59,"normal"
"1630",1630,7.91,0.59,"normal"
"1631",1631,7.98,0.58,"normal"
"1632",1632,7.67,0.6,"normal"
"1633",1633,7.96,0.58,"normal"
"1634",1634,7.94,0.58,"normal"
"1635",1635,7.94,0.58,"normal"
"1636",1636,7.83,0.59,"normal"
"1637",1637,7.85,0.59,"normal"
"1638",1638,7.84,0.59,"normal"
"1639",1639,6.92,0.63,"anomalia"
"1640",1640,7.78,0.59,"normal"
"1641",1641,7.68,0.59,"normal"
"1642",1642,7.84,0.59,"normal"
"1643",1643,7.87,0.59,"normal"
"1644",1644,7.59,0.6,"normal"
"1645",1645,7.98,0.58,"normal"
"1646",1646,7.78,0.59,"normal"
"1647",1647,7.81,0.59,"normal"
"1648",1648,7.98,0.58,"normal"
"1649",1649,7.96,0.58,"normal"
"1650",1650,7.74,0.59,"normal"
"1651",1651,7.97,0.58,"normal"
"1652",1652,7.68,0.59,"normal"
"1653",1653,7.77,0.59,"normal"
"1654",1654,7.74,0.59,"normal"
"1655",1655,7.87,0.59,"normal"
"1656",1656,8,0.58,"normal"
"1657",1657,7.84,0.59,"normal"
"1658",1658,7.52,0.6,"normal"
"1659",1659,7.92,0.59,"normal"
"1660",1660,7.85,0.59,"normal"
"1661",1661,7.98,0.58,"normal"
"1662",1662,7.94,0.58,"normal"
"1663",1663,7.94,0.58,"normal"
"1664",1664,7.9,0.59,"normal"
"1665",1665,7.11,0.62,"normal"
"1666",1666,7.69,0.59,"normal"
"1667",1667,7.72,0.59,"normal"
"1668",1668,7.47,0.6,"normal"
"1669",1669,7.98,0.58,"normal"
"1670",1670,7.71,0.59,"normal"
"1671",1671,7.98,0.58,"normal"
"1672",1672,7.98,0.58,"normal"
"1673",1673,6.83,0.63,"anomalia"
"1674",1674,7.73,0.59,"normal"
"1675",1675,7.94,0.58,"normal"
"1676",1676,6.81,0.63,"anomalia"
"1677",1677,7.97,0.58,"normal"
"1678",1678,7.84,0.59,"normal"
"1679",1679,7.95,0.58,"normal"
"1680",1680,7.71,0.59,"normal"
"1681",1681,7.93,0.58,"normal"
"1682",1682,7.97,0.58,"normal"
"1683",1683,7.86,0.59,"normal"
"1684",1684,7.96,0.58,"normal"
"1685",1685,7.85,0.59,"normal"
"1686",1686,7.91,0.59,"normal"
"1687",1687,7.94,0.58,"normal"
"1688",1688,7.75,0.59,"normal"
"1689",1689,7.97,0.58,"normal"
"1690",1690,7.48,0.6,"normal"
"1691",1691,7.96,0.58,"normal"
"1692",1692,7.96,0.58,"normal"
"1693",1693,7.75,0.59,"normal"
"1694",1694,7.5,0.6,"normal"
"1695",1695,7.75,0.59,"normal"
"1696",1696,7.98,0.58,"normal"
"1697",1697,7.92,0.59,"normal"
"1698",1698,7.97,0.58,"normal"
"1699",1699,7.8,0.59,"normal"
"1700",1700,7.93,0.58,"normal"
"1701",1701,7.83,0.59,"normal"
"1702",1702,7.94,0.58,"normal"
"1703",1703,7.93,0.58,"normal"
"1704",1704,7.81,0.59,"normal"
"1705",1705,7.59,0.6,"normal"
"1706",1706,7.72,0.59,"normal"
"1707",1707,7.82,0.59,"normal"
"1708",1708,7.76,0.59,"normal"
"1709",1709,8,0.58,"normal"
"1710",1710,7.7,0.59,"normal"
"1711",1711,7.96,0.58,"normal"
"1712",1712,7.65,0.6,"normal"
"1713",1713,7.85,0.59,"normal"
"1714",1714,7.98,0.58,"normal"
"1715",1715,7.93,0.58,"normal"
"1716",1716,7.83,0.59,"normal"
"1717",1717,7.23,0.61,"normal"
"1718",1718,7.73,0.59,"normal"
"1719",1719,8,0.58,"normal"
"1720",1720,7.94,0.58,"normal"
"1721",1721,7.93,0.58,"normal"
"1722",1722,7.75,0.59,"normal"
"1723",1723,7.86,0.59,"normal"
"1724",1724,7.95,0.58,"normal"
"1725",1725,7.93,0.58,"normal"
"1726",1726,7.67,0.6,"normal"
"1727",1727,7.77,0.59,"normal"
"1728",1728,7.84,0.59,"normal"
"1729",1729,7.95,0.58,"normal"
"1730",1730,7.81,0.59,"normal"
"1731",1731,7.97,0.58,"normal"
"1732",1732,7.9,0.59,"normal"
"1733",1733,7.93,0.58,"normal"
"1734",1734,7.86,0.59,"normal"
"1735",1735,7.85,0.59,"normal"
"1736",1736,7.73,0.59,"normal"
"1737",1737,7.96,0.58,"normal"
"1738",1738,7.94,0.58,"normal"
"1739",1739,7.9,0.59,"normal"
"1740",1740,7.95,0.58,"normal"
"1741",1741,7.61,0.6,"normal"
"1742",1742,7.24,0.61,"normal"
"1743",1743,7.69,0.59,"normal"
"1744",1744,7.93,0.58,"normal"
"1745",1745,7.77,0.59,"normal"
"1746",1746,7.95,0.58,"normal"
"1747",1747,7.95,0.58,"normal"
"1748",1748,7.7,0.59,"normal"
"1749",1749,7.93,0.58,"normal"
"1750",1750,7.63,0.6,"normal"
"1751",1751,6.9,0.63,"anomalia"
"1752",1752,7.93,0.58,"normal"
"1753",1753,7.95,0.58,"normal"
"1754",1754,7.98,0.58,"normal"
"1755",1755,7.69,0.59,"normal"
"1756",1756,7.98,0.58,"normal"
"1757",1757,7.99,0.58,"normal"
"1758",1758,7.98,0.58,"normal"
"1759",1759,7.92,0.59,"normal"
"1760",1760,8,0.58,"normal"
"1761",1761,7.61,0.6,"normal"
"1762",1762,7.89,0.59,"normal"
"1763",1763,7.95,0.58,"normal"
"1764",1764,7.97,0.58,"normal"
"1765",1765,7.92,0.59,"normal"
"1766",1766,7.89,0.59,"normal"
"1767",1767,8,0.58,"normal"
"1768",1768,7.63,0.6,"normal"
"1769",1769,7.98,0.58,"normal"
"1770",1770,7.86,0.59,"normal"
"1771",1771,7.72,0.59,"normal"
"1772",1772,7.9,0.59,"normal"
"1773",1773,7.95,0.58,"normal"
"1774",1774,7.63,0.6,"normal"
"1775",1775,7.98,0.58,"normal"
"1776",1776,7.95,0.58,"normal"
"1777",1777,7.79,0.59,"normal"
"1778",1778,7.96,0.58,"normal"
"1779",1779,7.98,0.58,"normal"
"1780",1780,7.92,0.59,"normal"
"1781",1781,7.76,0.59,"normal"
"1782",1782,7.99,0.58,"normal"
"1783",1783,7.81,0.59,"normal"
"1784",1784,7.96,0.58,"normal"
"1785",1785,7.83,0.59,"normal"
"1786",1786,7.92,0.59,"normal"
"1787",1787,7.79,0.59,"normal"
"1788",1788,7.7,0.59,"normal"
"1789",1789,7.76,0.59,"normal"
"1790",1790,7.94,0.58,"normal"
"1791",1791,7.95,0.58,"normal"
"1792",1792,7.91,0.59,"normal"
"1793",1793,7.99,0.58,"normal"
"1794",1794,7.97,0.58,"normal"
"1795",1795,7.97,0.58,"normal"
"1796",1796,7.74,0.59,"normal"
"1797",1797,7.98,0.58,"normal"
"1798",1798,7.62,0.6,"normal"
"1799",1799,7.2,0.61,"normal"
"1800",1800,7.67,0.6,"normal"
"1801",1801,7.92,0.59,"normal"
"1802",1802,7.94,0.58,"normal"
"1803",1803,6.9,0.63,"anomalia"
"1804",1804,7.81,0.59,"normal"
"1805",1805,7.98,0.58,"normal"
"1806",1806,7.82,0.59,"normal"
"1807",1807,7.68,0.59,"normal"
"1808",1808,7.72,0.59,"normal"
"1809",1809,7.76,0.59,"normal"
"1810",1810,7.96,0.58,"normal"
"1811",1811,7.86,0.59,"normal"
"1812",1812,6.74,0.63,"anomalia"
"1813",1813,7.86,0.59,"normal"
"1814",1814,7.55,0.6,"normal"
"1815",1815,7.82,0.59,"normal"
"1816",1816,7.98,0.58,"normal"
"1817",1817,7.82,0.59,"normal"
"1818",1818,7.99,0.58,"normal"
"1819",1819,7.74,0.59,"normal"
"1820",1820,7.92,0.59,"normal"
"1821",1821,7.92,0.59,"normal"
"1822",1822,7.9,0.59,"normal"
"1823",1823,7.55,0.6,"normal"
"1824",1824,7.84,0.59,"normal"
"1825",1825,7.65,0.6,"normal"
"1826",1826,7.68,0.59,"normal"
"1827",1827,7.27,0.61,"normal"
"1828",1828,7.84,0.59,"normal"
"1829",1829,7.88,0.59,"normal"
"1830",1830,7.98,0.58,"normal"
"1831",1831,7.93,0.58,"normal"
"1832",1832,7.79,0.59,"normal"
"1833",1833,7.96,0.58,"normal"
"1834",1834,7.91,0.59,"normal"
"1835",1835,7.97,0.58,"normal"
"1836",1836,7.74,0.59,"normal"
"1837",1837,7.92,0.59,"normal"
"1838",1838,7.99,0.58,"normal"
"1839",1839,7.74,0.59,"normal"
"1840",1840,7.78,0.59,"normal"
"1841",1841,7.92,0.59,"normal"
"1842",1842,7.72,0.59,"normal"
"1843",1843,7.92,0.59,"normal"
"1844",1844,7.92,0.59,"normal"
"1845",1845,7.85,0.59,"normal"
"1846",1846,7.78,0.59,"normal"
"1847",1847,7.84,0.59,"normal"
"1848",1848,7.7,0.59,"normal"
"1849",1849,7.8,0.59,"normal"
"1850",1850,7.99,0.58,"normal"
"1851",1851,7.82,0.59,"normal"
"1852",1852,7.95,0.58,"normal"
"1853",1853,7.56,0.6,"normal"
"1854",1854,7.91,0.59,"normal"
"1855",1855,8,0.58,"normal"
"1856",1856,7.81,0.59,"normal"
"1857",1857,7.94,0.58,"normal"
"1858",1858,7.96,0.58,"normal"
"1859",1859,7.84,0.59,"normal"
"1860",1860,7.93,0.58,"normal"
"1861",1861,7.89,0.59,"normal"
"1862",1862,7.26,0.61,"normal"
"1863",1863,7.71,0.59,"normal"
"1864",1864,7.99,0.58,"normal"
"1865",1865,7.99,0.58,"normal"
"1866",1866,7.76,0.59,"normal"
"1867",1867,7.98,0.58,"normal"
"1868",1868,7.89,0.59,"normal"
"1869",1869,7.99,0.58,"normal"
"1870",1870,7.92,0.59,"normal"
"1871",1871,7.84,0.59,"normal"
"1872",1872,7.94,0.58,"normal"
"1873",1873,7.94,0.58,"normal"
"1874",1874,7.4,0.61,"normal"
"1875",1875,7.98,0.58,"normal"
"1876",1876,7.98,0.58,"normal"
"1877",1877,7.87,0.59,"normal"
"1878",1878,7.72,0.59,"normal"
"1879",1879,7.96,0.58,"normal"
"1880",1880,7.16,0.62,"normal"
"1881",1881,7.46,0.6,"normal"
"1882",1882,7.99,0.58,"normal"
"1883",1883,7.76,0.59,"normal"
"1884",1884,7.98,0.58,"normal"
"1885",1885,7.78,0.59,"normal"
"1886",1886,7.87,0.59,"normal"
"1887",1887,7.97,0.58,"normal"
"1888",1888,7.41,0.61,"normal"
"1889",1889,7.93,0.58,"normal"
"1890",1890,7.91,0.59,"normal"
"1891",1891,7.94,0.58,"normal"
"1892",1892,7.76,0.59,"normal"
"1893",1893,7.77,0.59,"normal"
"1894",1894,7.99,0.58,"normal"
"1895",1895,8,0.58,"normal"
"1896",1896,7.97,0.58,"normal"
"1897",1897,7.9,0.59,"normal"
"1898",1898,7.95,0.58,"normal"
"1899",1899,7.8,0.59,"normal"
"1900",1900,7.98,0.58,"normal"
"1901",1901,7.97,0.58,"normal"
"1902",1902,7.31,0.61,"normal"
"1903",1903,7.96,0.58,"normal"
"1904",1904,7.99,0.58,"normal"
"1905",1905,7.93,0.58,"normal"
"1906",1906,8,0.58,"normal"
"1907",1907,7.87,0.59,"normal"
"1908",1908,7.92,0.59,"normal"
"1909",1909,7.85,0.59,"normal"
"1910",1910,7.27,0.61,"normal"
"1911",1911,7.61,0.6,"normal"
"1912",1912,7.7,0.59,"normal"
"1913",1913,7.05,0.62,"normal"
"1914",1914,7.89,0.59,"normal"
"1915",1915,7.81,0.59,"normal"
"1916",1916,7.99,0.58,"normal"
"1917",1917,7.33,0.61,"normal"
"1918",1918,7.59,0.6,"normal"
"1919",1919,7.98,0.58,"normal"
"1920",1920,7.93,0.58,"normal"
"1921",1921,7.93,0.58,"normal"
"1922",1922,7.9,0.59,"normal"
"1923",1923,7.87,0.59,"normal"
"1924",1924,7.96,0.58,"normal"
"1925",1925,6.79,0.63,"anomalia"
"1926",1926,7.68,0.59,"normal"
"1927",1927,7.96,0.58,"normal"
"1928",1928,7.96,0.58,"normal"
"1929",1929,7.83,0.59,"normal"
"1930",1930,7.88,0.59,"normal"
"1931",1931,7.5,0.6,"normal"
"1932",1932,7.93,0.58,"normal"
"1933",1933,7.98,0.58,"normal"
"1934",1934,7.82,0.59,"normal"
"1935",1935,7.95,0.58,"normal"
"1936",1936,7.35,0.61,"normal"
"1937",1937,7.94,0.58,"normal"
"1938",1938,7.74,0.59,"normal"
"1939",1939,7.86,0.59,"normal"
"1940",1940,7.9,0.59,"normal"
"1941",1941,7.74,0.59,"normal"
"1942",1942,7.46,0.6,"normal"
"1943",1943,7.96,0.58,"normal"
"1944",1944,6.97,0.62,"normal"
"1945",1945,7.99,0.58,"normal"
"1946",1946,7.9,0.59,"normal"
"1947",1947,7.83,0.59,"normal"
"1948",1948,7.2,0.61,"normal"
"1949",1949,7.93,0.58,"normal"
"1950",1950,7.8,0.59,"normal"
"1951",1951,7.99,0.58,"normal"
"1952",1952,7.75,0.59,"normal"
"1953",1953,8,0.58,"normal"
"1954",1954,6.85,0.63,"anomalia"
"1955",1955,7.65,0.6,"normal"
"1956",1956,7.91,0.59,"normal"
"1957",1957,7.89,0.59,"normal"
"1958",1958,7.8,0.59,"normal"
"1959",1959,7.72,0.59,"normal"
"1960",1960,8,0.58,"normal"
"1961",1961,7.77,0.59,"normal"
"1962",1962,8,0.58,"normal"
"1963",1963,7.7,0.59,"normal"
"1964",1964,7.79,0.59,"normal"
"1965",1965,7.9,0.59,"normal"
"1966",1966,7.97,0.58,"normal"
"1967",1967,7.93,0.58,"normal"
"1968",1968,7.61,0.6,"normal"
"1969",1969,7.74,0.59,"normal"
"1970",1970,7.75,0.59,"normal"
"1971",1971,7.97,0.58,"normal"
"1972",1972,7.79,0.59,"normal"
"1973",1973,7.9,0.59,"normal"
"1974",1974,7.74,0.59,"normal"
"1975",1975,7.98,0.58,"normal"
"1976",1976,7.96,0.58,"normal"
"1977",1977,7.87,0.59,"normal"
"1978",1978,7.72,0.59,"normal"
"1979",1979,7.94,0.58,"normal"
"1980",1980,7.98,0.58,"normal"
"1981",1981,7.71,0.59,"normal"
"1982",1982,7.97,0.58,"normal"
"1983",1983,7.92,0.59,"normal"
"1984",1984,7.74,0.59,"normal"
"1985",1985,7.94,0.58,"normal"
"1986",1986,7.84,0.59,"normal"
"1987",1987,7.98,0.58,"normal"
"1988",1988,7.68,0.59,"normal"
"1989",1989,7.07,0.62,"normal"
"1990",1990,7.84,0.59,"normal"
"1991",1991,7.94,0.58,"normal"
"1992",1992,7.63,0.6,"normal"
"1993",1993,7.52,0.6,"normal"
"1994",1994,8,0.58,"normal"
"1995",1995,7.98,0.58,"normal"
"1996",1996,7.95,0.58,"normal"
"1997",1997,7.65,0.6,"normal"
"1998",1998,7.94,0.58,"normal"
"1999",1999,7.79,0.59,"normal"
"2000",2000,7.75,0.59,"normal"
"2001",2001,7.77,0.59,"normal"
"2002",2002,7.81,0.59,"normal"
"2003",2003,7.15,0.62,"normal"
"2004",2004,7.33,0.61,"normal"
"2005",2005,7.76,0.59,"normal"
"2006",2006,7.94,0.58,"normal"
"2007",2007,7.89,0.59,"normal"
"2008",2008,7.37,0.61,"normal"
"2009",2009,8,0.58,"normal"
"2010",2010,7.92,0.59,"normal"
"2011",2011,7.91,0.59,"normal"
"2012",2012,7.9,0.59,"normal"
"2013",2013,7.84,0.59,"normal"
"2014",2014,7.73,0.59,"normal"
"2015",2015,7.98,0.58,"normal"
"2016",2016,7.93,0.58,"normal"
"2017",2017,7.96,0.58,"normal"
"2018",2018,7.93,0.58,"normal"
"2019",2019,7.99,0.58,"normal"
"2020",2020,7.99,0.58,"normal"
"2021",2021,7.98,0.58,"normal"
"2022",2022,7.94,0.58,"normal"
"2023",2023,7.97,0.58,"normal"
"2024",2024,7.33,0.61,"normal"
"2025",2025,7.76,0.59,"normal"
"2026",2026,7.78,0.59,"normal"
"2027",2027,7.88,0.59,"normal"
"2028",2028,7.9,0.59,"normal"
"2029",2029,7.97,0.58,"normal"
"2030",2030,7.84,0.59,"normal"
"2031",2031,7.92,0.59,"normal"
"2032",2032,7.44,0.6,"normal"
"2033",2033,7.94,0.58,"normal"
"2034",2034,8,0.58,"normal"
"2035",2035,7.92,0.59,"normal"
"2036",2036,7.5,0.6,"normal"
"2037",2037,7.73,0.59,"normal"
"2038",2038,6.8,0.63,"anomalia"
"2039",2039,7.82,0.59,"normal"
"2040",2040,7.29,0.61,"normal"
"2041",2041,8,0.58,"normal"
"2042",2042,7.99,0.58,"normal"
"2043",2043,7.76,0.59,"normal"
"2044",2044,7.99,0.58,"normal"
"2045",2045,7.99,0.58,"normal"
"2046",2046,7.88,0.59,"normal"
"2047",2047,7.59,0.6,"normal"
"2048",2048,7.96,0.58,"normal"
"2049",2049,7.89,0.59,"normal"
"2050",2050,7.95,0.58,"normal"
"2051",2051,7.93,0.58,"normal"
"2052",2052,7.72,0.59,"normal"
"2053",2053,7.94,0.58,"normal"
"2054",2054,7.8,0.59,"normal"
"2055",2055,7.99,0.58,"normal"
"2056",2056,7.65,0.6,"normal"
"2057",2057,7.84,0.59,"normal"
"2058",2058,7.82,0.59,"normal"
"2059",2059,7.75,0.59,"normal"
"2060",2060,7.58,0.6,"normal"
"2061",2061,7.19,0.61,"normal"
"2062",2062,7.97,0.58,"normal"
"2063",2063,7.88,0.59,"normal"
"2064",2064,7.89,0.59,"normal"
"2065",2065,7.91,0.59,"normal"
"2066",2066,7.86,0.59,"normal"
"2067",2067,7.98,0.58,"normal"
"2068",2068,7.95,0.58,"normal"
"2069",2069,7.99,0.58,"normal"
"2070",2070,7.91,0.59,"normal"
"2071",2071,7.9,0.59,"normal"
"2072",2072,7.92,0.59,"normal"
"2073",2073,7.9,0.59,"normal"
"2074",2074,7.85,0.59,"normal"
"2075",2075,8,0.58,"normal"
"2076",2076,7.93,0.58,"normal"
"2077",2077,7.79,0.59,"normal"
"2078",2078,7.91,0.59,"normal"
"2079",2079,7.95,0.58,"normal"
"2080",2080,7.97,0.58,"normal"
"2081",2081,7.87,0.59,"normal"
"2082",2082,7.98,0.58,"normal"
"2083",2083,7.88,0.59,"normal"
"2084",2084,7.82,0.59,"normal"
"2085",2085,7.77,0.59,"normal"
"2086",2086,7.95,0.58,"normal"
"2087",2087,7.96,0.58,"normal"
"2088",2088,7.54,0.6,"normal"
"2089",2089,7.8,0.59,"normal"
"2090",2090,7.47,0.6,"normal"
"2091",2091,7.88,0.59,"normal"
"2092",2092,7.76,0.59,"normal"
"2093",2093,7.86,0.59,"normal"
"2094",2094,7.92,0.59,"normal"
"2095",2095,7.95,0.58,"normal"
"2096",2096,7.87,0.59,"normal"
"2097",2097,7.96,0.58,"normal"
"2098",2098,7.85,0.59,"normal"
"2099",2099,7.97,0.58,"normal"
"2100",2100,7.81,0.59,"normal"
"2101",2101,7.94,0.58,"normal"
"2102",2102,7.96,0.58,"normal"
"2103",2103,7.96,0.58,"normal"
"2104",2104,7.73,0.59,"normal"
"2105",2105,7.29,0.61,"normal"
"2106",2106,7.86,0.59,"normal"
"2107",2107,7.05,0.62,"normal"
"2108",2108,7.92,0.59,"normal"
"2109",2109,7.98,0.58,"normal"
"2110",2110,7.57,0.6,"normal"
"2111",2111,7.93,0.58,"normal"
"2112",2112,7.75,0.59,"normal"
"2113",2113,7.79,0.59,"normal"
"2114",2114,7.96,0.58,"normal"
"2115",2115,7.98,0.58,"normal"
"2116",2116,7.54,0.6,"normal"
"2117",2117,7.94,0.58,"normal"
"2118",2118,7.22,0.61,"normal"
"2119",2119,7.9,0.59,"normal"
"2120",2120,7.77,0.59,"normal"
"2121",2121,7.81,0.59,"normal"
"2122",2122,8,0.58,"normal"
"2123",2123,7.77,0.59,"normal"
"2124",2124,7.94,0.58,"normal"
"2125",2125,7.98,0.58,"normal"
"2126",2126,7.93,0.58,"normal"
"2127",2127,7.65,0.6,"normal"
"2128",2128,7.99,0.58,"normal"
"2129",2129,7.99,0.58,"normal"
"2130",2130,8,0.58,"normal"
"2131",2131,7.75,0.59,"normal"
"2132",2132,6.43,0.65,"anomalia"
"2133",2133,7.99,0.58,"normal"
"2134",2134,7.91,0.59,"normal"
"2135",2135,7.84,0.59,"normal"
"2136",2136,7.72,0.59,"normal"
"2137",2137,7.69,0.59,"normal"
"2138",2138,7.91,0.59,"normal"
"2139",2139,7.96,0.58,"normal"
"2140",2140,7.71,0.59,"normal"
"2141",2141,7.82,0.59,"normal"
"2142",2142,7.97,0.58,"normal"
"2143",2143,7.89,0.59,"normal"
"2144",2144,7.91,0.59,"normal"
"2145",2145,8,0.58,"normal"
"2146",2146,7.9,0.59,"normal"
"2147",2147,7.75,0.59,"normal"
"2148",2148,7.85,0.59,"normal"
"2149",2149,7.47,0.6,"normal"
"2150",2150,6.7,0.64,"anomalia"
"2151",2151,7.95,0.58,"normal"
"2152",2152,7.96,0.58,"normal"
"2153",2153,7.95,0.58,"normal"
"2154",2154,7.73,0.59,"normal"
"2155",2155,7.97,0.58,"normal"
"2156",2156,7.97,0.58,"normal"
"2157",2157,7.93,0.58,"normal"
"2158",2158,7.96,0.58,"normal"
"2159",2159,7.97,0.58,"normal"
"2160",2160,7.89,0.59,"normal"
"2161",2161,7.9,0.59,"normal"
"2162",2162,7.96,0.58,"normal"
"2163",2163,7.97,0.58,"normal"
"2164",2164,7.74,0.59,"normal"
"2165",2165,6.96,0.62,"normal"
"2166",2166,7.92,0.59,"normal"
"2167",2167,7.86,0.59,"normal"
"2168",2168,7.97,0.58,"normal"
"2169",2169,7.1,0.62,"normal"
"2170",2170,7.78,0.59,"normal"
"2171",2171,7.85,0.59,"normal"
"2172",2172,7.99,0.58,"normal"
"2173",2173,7.37,0.61,"normal"
"2174",2174,7.73,0.59,"normal"
"2175",2175,7.93,0.58,"normal"
"2176",2176,7.95,0.58,"normal"
"2177",2177,7.74,0.59,"normal"
"2178",2178,7.97,0.58,"normal"
"2179",2179,7.86,0.59,"normal"
"2180",2180,7.97,0.58,"normal"
"2181",2181,7.54,0.6,"normal"
"2182",2182,7.37,0.61,"normal"
"2183",2183,7.89,0.59,"normal"
"2184",2184,7.56,0.6,"normal"
"2185",2185,7.69,0.59,"normal"
"2186",2186,7.51,0.6,"normal"
"2187",2187,7.04,0.62,"normal"
"2188",2188,7.89,0.59,"normal"
"2189",2189,7.86,0.59,"normal"
"2190",2190,7.66,0.6,"normal"
"2191",2191,8,0.58,"normal"
"2192",2192,7.96,0.58,"normal"
"2193",2193,7.93,0.58,"normal"
"2194",2194,7.92,0.59,"normal"
"2195",2195,6.69,0.64,"anomalia"
"2196",2196,7.27,0.61,"normal"
"2197",2197,7.29,0.61,"normal"
"2198",2198,7.97,0.58,"normal"
"2199",2199,7.71,0.59,"normal"
"2200",2200,7.84,0.59,"normal"
"2201",2201,7.96,0.58,"normal"
"2202",2202,7.67,0.6,"normal"
"2203",2203,7.91,0.59,"normal"
"2204",2204,7.86,0.59,"normal"
"2205",2205,7.77,0.59,"normal"
"2206",2206,7.83,0.59,"normal"
"2207",2207,7.77,0.59,"normal"
"2208",2208,7.97,0.58,"normal"
"2209",2209,7.99,0.58,"normal"
"2210",2210,7.9,0.59,"normal"
"2211",2211,7.98,0.58,"normal"
"2212",2212,7.99,0.58,"normal"
"2213",2213,8,0.58,"normal"
"2214",2214,7.89,0.59,"normal"
"2215",2215,7.99,0.58,"normal"
"2216",2216,7.98,0.58,"normal"
"2217",2217,7.93,0.58,"normal"
"2218",2218,7.98,0.58,"normal"
"2219",2219,7.67,0.6,"normal"
"2220",2220,7.89,0.59,"normal"
"2221",2221,7.86,0.59,"normal"
"2222",2222,7.93,0.58,"normal"
"2223",2223,7.91,0.59,"normal"
"2224",2224,7.71,0.59,"normal"
"2225",2225,7.65,0.6,"normal"
"2226",2226,7.93,0.58,"normal"
"2227",2227,7.94,0.58,"normal"
"2228",2228,7.89,0.59,"normal"
"2229",2229,7.37,0.61,"normal"
"2230",2230,7.91,0.59,"normal"
"2231",2231,7.99,0.58,"normal"
"2232",2232,7.96,0.58,"normal"
"2233",2233,7.98,0.58,"normal"
"2234",2234,7.04,0.62,"normal"
"2235",2235,7.96,0.58,"normal"
"2236",2236,7.93,0.58,"normal"
"2237",2237,7.99,0.58,"normal"
"2238",2238,7.91,0.59,"normal"
"2239",2239,7.95,0.58,"normal"
"2240",2240,8,0.58,"normal"
"2241",2241,7.6,0.6,"normal"
"2242",2242,7.94,0.58,"normal"
"2243",2243,7.96,0.58,"normal"
"2244",2244,7.97,0.58,"normal"
"2245",2245,7.96,0.58,"normal"
"2246",2246,7.82,0.59,"normal"
"2247",2247,7.24,0.61,"normal"
"2248",2248,7.88,0.59,"normal"
"2249",2249,7.96,0.58,"normal"
"2250",2250,7.96,0.58,"normal"
"2251",2251,7.97,0.58,"normal"
"2252",2252,7.75,0.59,"normal"
"2253",2253,7.98,0.58,"normal"
"2254",2254,7.93,0.58,"normal"
"2255",2255,7.81,0.59,"normal"
"2256",2256,7.66,0.6,"normal"
"2257",2257,7.97,0.58,"normal"
"2258",2258,7.26,0.61,"normal"
"2259",2259,7.71,0.59,"normal"
"2260",2260,8,0.58,"normal"
"2261",2261,7.72,0.59,"normal"
"2262",2262,7.94,0.58,"normal"
"2263",2263,7.89,0.59,"normal"
"2264",2264,7.74,0.59,"normal"
"2265",2265,7.94,0.58,"normal"
"2266",2266,8,0.58,"normal"
"2267",2267,7.82,0.59,"normal"
"2268",2268,7.77,0.59,"normal"
"2269",2269,7.47,0.6,"normal"
"2270",2270,7.98,0.58,"normal"
"2271",2271,7.55,0.6,"normal"
"2272",2272,7.95,0.58,"normal"
"2273",2273,7.52,0.6,"normal"
"2274",2274,7.99,0.58,"normal"
"2275",2275,7.17,0.62,"normal"
"2276",2276,7.98,0.58,"normal"
"2277",2277,7.95,0.58,"normal"
"2278",2278,7.81,0.59,"normal"
"2279",2279,7.97,0.58,"normal"
"2280",2280,7.97,0.58,"normal"
"2281",2281,7.87,0.59,"normal"
"2282",2282,7.44,0.6,"normal"
"2283",2283,7.9,0.59,"normal"
"2284",2284,7.88,0.59,"normal"
"2285",2285,7.99,0.58,"normal"
"2286",2286,7.72,0.59,"normal"
"2287",2287,7.93,0.58,"normal"
"2288",2288,7.44,0.6,"normal"
"2289",2289,7.95,0.58,"normal"
"2290",2290,7.8,0.59,"normal"
"2291",2291,7.96,0.58,"normal"
"2292",2292,7.78,0.59,"normal"
"2293",2293,7.97,0.58,"normal"
"2294",2294,7.89,0.59,"normal"
"2295",2295,7.96,0.58,"normal"
"2296",2296,7.83,0.59,"normal"
"2297",2297,7.89,0.59,"normal"
"2298",2298,7.99,0.58,"normal"
"2299",2299,7.92,0.59,"normal"
"2300",2300,7.75,0.59,"normal"
"2301",2301,7.58,0.6,"normal"
"2302",2302,7.78,0.59,"normal"
"2303",2303,7.19,0.61,"normal"
"2304",2304,7.97,0.58,"normal"
"2305",2305,7.79,0.59,"normal"
"2306",2306,7.63,0.6,"normal"
"2307",2307,7.91,0.59,"normal"
"2308",2308,7.99,0.58,"normal"
"2309",2309,7.98,0.58,"normal"
"2310",2310,7.79,0.59,"normal"
"2311",2311,7.91,0.59,"normal"
"2312",2312,7.99,0.58,"normal"
"2313",2313,7.98,0.58,"normal"
"2314",2314,7.93,0.58,"normal"
"2315",2315,7.94,0.58,"normal"
"2316",2316,7.91,0.59,"normal"
"2317",2317,7.96,0.58,"normal"
"2318",2318,7.94,0.58,"normal"
"2319",2319,7.78,0.59,"normal"
"2320",2320,7.98,0.58,"normal"
"2321",2321,7.94,0.58,"normal"
"2322",2322,7.73,0.59,"normal"
"2323",2323,7.81,0.59,"normal"
"2324",2324,7.99,0.58,"normal"
"2325",2325,7.62,0.6,"normal"
"2326",2326,7.85,0.59,"normal"
"2327",2327,7.97,0.58,"normal"
"2328",2328,7.83,0.59,"normal"
"2329",2329,7.97,0.58,"normal"
"2330",2330,7.96,0.58,"normal"
"2331",2331,7.8,0.59,"normal"
"2332",2332,7.83,0.59,"normal"
"2333",2333,7.83,0.59,"normal"
"2334",2334,7.73,0.59,"normal"
"2335",2335,7.56,0.6,"normal"
"2336",2336,7.64,0.6,"normal"
"2337",2337,7.78,0.59,"normal"
"2338",2338,7.93,0.58,"normal"
"2339",2339,7.88,0.59,"normal"
"2340",2340,7.75,0.59,"normal"
"2341",2341,7.76,0.59,"normal"
"2342",2342,7.79,0.59,"normal"
"2343",2343,7.98,0.58,"normal"
"2344",2344,7.97,0.58,"normal"
"2345",2345,7.95,0.58,"normal"
"2346",2346,7.95,0.58,"normal"
"2347",2347,7.96,0.58,"normal"
"2348",2348,7.95,0.58,"normal"
"2349",2349,7.76,0.59,"normal"
"2350",2350,7.65,0.6,"normal"
"2351",2351,7.86,0.59,"normal"
"2352",2352,7.78,0.59,"normal"
"2353",2353,7.37,0.61,"normal"
"2354",2354,7.64,0.6,"normal"
"2355",2355,7.97,0.58,"normal"
"2356",2356,8,0.58,"normal"
"2357",2357,8,0.58,"normal"
"2358",2358,7.84,0.59,"normal"
"2359",2359,7.96,0.58,"normal"
"2360",2360,7.5,0.6,"normal"
"2361",2361,7.97,0.58,"normal"
"2362",2362,7.85,0.59,"normal"
"2363",2363,7.75,0.59,"normal"
"2364",2364,7.79,0.59,"normal"
"2365",2365,7.96,0.58,"normal"
"2366",2366,7.96,0.58,"normal"
"2367",2367,7.33,0.61,"normal"
"2368",2368,7.46,0.6,"normal"
"2369",2369,7.87,0.59,"normal"
"2370",2370,7.92,0.59,"normal"
"2371",2371,6.73,0.63,"anomalia"
"2372",2372,7.89,0.59,"normal"
"2373",2373,7.94,0.58,"normal"
"2374",2374,7.57,0.6,"normal"
"2375",2375,7.61,0.6,"normal"
"2376",2376,7.97,0.58,"normal"
"2377",2377,8,0.58,"normal"
"2378",2378,7.97,0.58,"normal"
"2379",2379,7.8,0.59,"normal"
"2380",2380,7.98,0.58,"normal"
"2381",2381,7.72,0.59,"normal"
"2382",2382,7.79,0.59,"normal"
"2383",2383,7.75,0.59,"normal"
"2384",2384,7.96,0.58,"normal"
"2385",2385,7.92,0.59,"normal"
"2386",2386,7.97,0.58,"normal"
"2387",2387,7.93,0.58,"normal"
"2388",2388,7.78,0.59,"normal"
"2389",2389,7.96,0.58,"normal"
"2390",2390,7.76,0.59,"normal"
"2391",2391,7.81,0.59,"normal"
"2392",2392,7.86,0.59,"normal"
"2393",2393,7.89,0.59,"normal"
"2394",2394,7.66,0.6,"normal"
"2395",2395,7.74,0.59,"normal"
"2396",2396,7.91,0.59,"normal"
"2397",2397,7.94,0.58,"normal"
"2398",2398,7.94,0.58,"normal"
"2399",2399,7.92,0.59,"normal"
"2400",2400,7.82,0.59,"normal"
"2401",2401,7.81,0.59,"normal"
"2402",2402,7.98,0.58,"normal"
"2403",2403,7.74,0.59,"normal"
"2404",2404,7.37,0.61,"normal"
"2405",2405,7.85,0.59,"normal"
"2406",2406,7.79,0.59,"normal"
"2407",2407,7.97,0.58,"normal"
"2408",2408,6.75,0.63,"anomalia"
"2409",2409,7.7,0.59,"normal"
"2410",2410,7.93,0.58,"normal"
"2411",2411,7.83,0.59,"normal"
"2412",2412,7.98,0.58,"normal"
"2413",2413,8,0.58,"normal"
"2414",2414,7.88,0.59,"normal"
"2415",2415,7.97,0.58,"normal"
"2416",2416,7.89,0.59,"normal"
"2417",2417,7.72,0.59,"normal"
"2418",2418,7.4,0.61,"normal"
"2419",2419,7.95,0.58,"normal"
"2420",2420,8,0.58,"normal"
"2421",2421,6.86,0.63,"anomalia"
"2422",2422,7.99,0.58,"normal"
"2423",2423,7.49,0.6,"normal"
"2424",2424,7.88,0.59,"normal"
"2425",2425,7.66,0.6,"normal"
"2426",2426,7.84,0.59,"normal"
"2427",2427,7.82,0.59,"normal"
"2428",2428,7.45,0.6,"normal"
"2429",2429,7.95,0.58,"normal"
"2430",2430,7.94,0.58,"normal"
"2431",2431,7.93,0.58,"normal"
"2432",2432,7.82,0.59,"normal"
"2433",2433,7.69,0.59,"normal"
"2434",2434,7.96,0.58,"normal"
"2435",2435,7.97,0.58,"normal"
"2436",2436,7.95,0.58,"normal"
"2437",2437,7.99,0.58,"normal"
"2438",2438,7.81,0.59,"normal"
"2439",2439,7.83,0.59,"normal"
"2440",2440,7.98,0.58,"normal"
"2441",2441,7.77,0.59,"normal"
"2442",2442,7.82,0.59,"normal"
"2443",2443,7.96,0.58,"normal"
"2444",2444,7.74,0.59,"normal"
"2445",2445,7.1,0.62,"normal"
"2446",2446,7.5,0.6,"normal"
"2447",2447,7.8,0.59,"normal"
"2448",2448,7.82,0.59,"normal"
"2449",2449,7.81,0.59,"normal"
"2450",2450,7.91,0.59,"normal"
"2451",2451,7.97,0.58,"normal"
"2452",2452,7.94,0.58,"normal"
"2453",2453,7.82,0.59,"normal"
"2454",2454,7.67,0.6,"normal"
"2455",2455,7.91,0.59,"normal"
"2456",2456,7.78,0.59,"normal"
"2457",2457,7.98,0.58,"normal"
"2458",2458,7.98,0.58,"normal"
"2459",2459,7.96,0.58,"normal"
"2460",2460,7.94,0.58,"normal"
"2461",2461,7.88,0.59,"normal"
"2462",2462,7.9,0.59,"normal"
"2463",2463,7.96,0.58,"normal"
"2464",2464,7.43,0.6,"normal"
"2465",2465,7.96,0.58,"normal"
"2466",2466,7.95,0.58,"normal"
"2467",2467,7.93,0.58,"normal"
"2468",2468,7.78,0.59,"normal"
"2469",2469,7.91,0.59,"normal"
"2470",2470,7.98,0.58,"normal"
"2471",2471,7.83,0.59,"normal"
"2472",2472,7.99,0.58,"normal"
"2473",2473,7.71,0.59,"normal"
"2474",2474,7.96,0.58,"normal"
"2475",2475,7.46,0.6,"normal"
"2476",2476,7.78,0.59,"normal"
"2477",2477,7.96,0.58,"normal"
"2478",2478,7.95,0.58,"normal"
"2479",2479,7.96,0.58,"normal"
"2480",2480,7.83,0.59,"normal"
"2481",2481,7.97,0.58,"normal"
"2482",2482,7.89,0.59,"normal"
"2483",2483,7.92,0.59,"normal"
"2484",2484,7.74,0.59,"normal"
"2485",2485,7.97,0.58,"normal"
"2486",2486,7.97,0.58,"normal"
"2487",2487,7.92,0.59,"normal"
"2488",2488,7.96,0.58,"normal"
"2489",2489,7,0.62,"normal"
"2490",2490,7.91,0.59,"normal"
"2491",2491,7.95,0.58,"normal"
"2492",2492,7.93,0.58,"normal"
"2493",2493,7.95,0.58,"normal"
"2494",2494,7.95,0.58,"normal"
"2495",2495,7.98,0.58,"normal"
"2496",2496,7.97,0.58,"normal"
"2497",2497,7.83,0.59,"normal"
"2498",2498,7.79,0.59,"normal"
"2499",2499,7.98,0.58,"normal"
"2500",2500,7.65,0.6,"normal"
"2501",2501,4.99,0.71,"anomalia"
"2502",2502,7.72,0.59,"normal"
"2503",2503,6.86,0.63,"anomalia"
"2504",2504,5.52,0.69,"anomalia"
"2505",2505,7.11,0.62,"normal"
"2506",2506,5.68,0.68,"anomalia"
"2507",2507,5.98,0.67,"anomalia"
"2508",2508,4.29,0.75,"anomalia"
"2509",2509,7.13,0.62,"normal"
"2510",2510,6.99,0.62,"normal"
"2511",2511,6.13,0.66,"anomalia"
"2512",2512,7.68,0.59,"normal"
"2513",2513,7.4,0.61,"normal"
"2514",2514,7.18,0.62,"normal"
"2515",2515,7.06,0.62,"normal"
"2516",2516,5.88,0.67,"anomalia"
"2517",2517,5.38,0.69,"anomalia"
"2518",2518,7.3,0.61,"normal"
"2519",2519,6.66,0.64,"anomalia"
"2520",2520,7.15,0.62,"normal"
"2521",2521,6.13,0.66,"anomalia"
"2522",2522,6.85,0.63,"anomalia"
"2523",2523,5.19,0.7,"anomalia"
"2524",2524,4.25,0.75,"anomalia"
"2525",2525,5.03,0.71,"anomalia"
